CardID,Name,Rarity,Type,Color,Cost_Life_Type,Cost_Life_Value,Power,Counter,Attribute,Feature,Block,Text,Trigger,SetInfo,ImageFileID,ImageFileID_small
EB01-003,キッド&キラー,R,CHARACTER,赤,コスト,4,5000,-,斬/特,超新星/キッド海賊団,2,【速攻】(このカードは登場したターンにアタックできる)【アタック時】相手のライフが2枚以下の場合、このキャラは、このターン中、パワー+2000。,,Vジャンプ10月特大号応募者全員サービス（2024年8月21日売）,,
EB01-006,トニートニー・チョッパー,SR,CHARACTER,赤,コスト,3,4000,1000,打,動物/麦わらの一味,2,【ブロッカー】(相手のアタックの後、このカードをレストにし、アタックの対象をこのカードにできる)【ドン‼×2】【アタック時】相手のキャラ1枚までを、このターン中、パワー-3000。,,始めようキャンペーン プロモーションパック,,
EB01-006,トニートニー・チョッパー,SR,CHARACTER,赤,コスト,3,4000,1000,打,動物/麦わらの一味,2,【ブロッカー】(相手のアタックの後、このカードをレストにし、アタックの対象をこのカードにできる)【ドン‼×2】【アタック時】相手のキャラ1枚までを、このターン中、パワー-3000。,,始めようキャンペーン プロモーションパック,,
EB01-012,キャベンディッシュ,SR,CHARACTER,緑,コスト,5,6000,1000,斬,超新星/美しき海賊団,2,【登場時】/【アタック時】自分のリーダーが特徴《超新星》を持ち、自分のキャラの他の「キャベンディッシュ」がいない場合、自分のドン‼2枚までをアクティブにする。,,フラッグシップバトル2024 4月ベスト8記念品,,
EB01-014,サンジ,R,CHARACTER,緑,コスト,4,5000,2000,打,FILM/麦わらの一味,2,【ドン!!×1】【自分のターン中】このキャラは、自分のレストのドン!!3枚につき、パワー+1000。,,スタンダードバトルパックVol.9,,
EB01-015,スクラッチメン・アプー,R,CHARACTER,緑,コスト,1,1000,2000,特,超新星/オンエア海賊団,2,【登場時】相手のコスト2以下のキャラ1枚までを、レストにする。,,スタンダードバトルパックVol.10,,
EB01-046,ブルック,SR,CHARACTER,黒,コスト,3,4000,1000,斬,麦わらの一味,2,【登場時】/【アタック時】相手のキャラ1枚までを、このターン中、コスト-1。その後、相手のコスト0のキャラ1枚までを、KOする。,,始めようキャンペーン プロモーションパック,,
EB01-046,ブルック,SR,CHARACTER,黒,コスト,3,4000,1000,斬,麦わらの一味,2,【登場時】/【アタック時】相手のキャラ1枚までを、このターン中、コスト-1。その後、相手のコスト0のキャラ1枚までを、KOする。,,始めようキャンペーン プロモーションパック,,
EB02-017,ナミ,R,CHARACTER,緑,コスト,1,2000,1000,知,東の海/麦わらの一味,3,【登場時】自分のデッキの上から5枚を見て、「ナミ」以外の特徴《麦わらの一味》を持つカード1枚までを公開し、手札に加える。その後、残りを好きな順番でデッキの下に置く。,,ONE PIECE CARD GAME 3rd ANNIVERSARY COMPLETE GUIDE付録,,
EB02-019,ロロノア・ゾロ,R,CHARACTER,緑,コスト,4,5000,1000,斬,東の海/麦わらの一味,3,相手のキャラが2枚以上いる場合、このキャラは登場したターンにキャラへアタックできる。【登場時】自分のリーダーが特徴《麦わらの一味》を持つ場合、相手のコスト4以下のキャラ1枚までを、レストにする。,,スタンダードバトル 2025年3月優勝記念品,,
EB02-019,ロロノア・ゾロ,R,CHARACTER,緑,コスト,4,5000,1000,斬,東の海/麦わらの一味,3,相手のキャラが2枚以上いる場合、このキャラは登場したターンにキャラへアタックできる。【登場時】自分のリーダーが特徴《麦わらの一味》を持つ場合、相手のコスト4以下のキャラ1枚までを、レストにする。,,スタンダードバトルパックVol.11,,
EB02-026,ネフェルタリ・ビビ,SR,CHARACTER,青,コスト,3,2000,1000,斬,アラバスタ王国,3,【登場時】自分のリーダーが多色で、自分の手札が5枚以下の場合、カード2枚を引く。,,プロモーションパックEX Vol.3,,
EB02-054,サンジ,R,CHARACTER,黄,コスト,5,6000,1000,打,東の海/麦わらの一味,3,【ブロッカー】(相手のアタックの後、このカードをレストにし、アタックの対象をこのカードにできる)【登場時】自分のライフが2枚以下の場合、カード2枚を引き、自分の手札1枚を捨てる。,,プロモーションパックEX Vol.3,,
EB02-055,ジンベエ,R,CHARACTER,黄,コスト,4,5000,2000,打,魚人族/麦わらの一味,3,-,【トリガー】自分のリーダーが特徴《魚人族》か《人魚族》を持ち、自分のライフが2枚以下の場合、このカードを登場させる。,スタンダードバトルパックVol.11,,
OP01-004,ウソップ,R,CHARACTER,赤,コスト,2,3000,2000,射,麦わらの一味,1,【ドン‼×1】【自分のターン中】【ターン1回】相手がイベントを発動した時、カード1枚を引く。,,チャンピオンシップ2022 予選 ベスト32記念品,,
OP01-005,ウタ,R,CHARACTER,赤,コスト,4,4000,-,特,FILM,1,【登場時】自分のトラッシュの「ウタ」以外のコスト3以下の赤のキャラカード1枚までを、手札に加える。,,『ONE PIECE FILM RED』入場者プレゼント フィナーレセット,,
OP01-005,ウタ,R,CHARACTER,赤,コスト,4,4000,-,特,FILM,1,【登場時】自分のトラッシュの「ウタ」以外のコスト3以下の赤のキャラカード1枚までを、手札に加える。,,プロモーションカードセット,,
OP01-013,サンジ,R,CHARACTER,赤,コスト,2,3000,2000,打,麦わらの一味,1,【起動メイン】【ターン1回】自分のライフ1枚を手札に加えることができる：このキャラは、このターン中、パワー+2000。その後、このキャラにレストのドン‼2枚までを付与する。,,プロモーションカードセット,,
OP01-014,ジンベエ,UC,CHARACTER,赤,コスト,4,5000,-,打,魚人族/麦わらの一味,1,【ブロッカー】(相手のアタックの後、このカードをレストにし、アタックの対象をこのカードにできる)【ドン!!×1】【ブロック時】自分の手札からコスト2以下の赤のキャラカード1枚までを、登場させる。,,『ONE PIECE FILM RED』入場者プレゼント フィナーレセット,,
OP01-015,トニートニー・チョッパー,UC,CHARACTER,赤,コスト,3,4000,1000,知,動物/麦わらの一味,1,【ドン‼×1】【アタック時】自分の手札1枚を捨てることができる：自分のトラッシュの「トニートニー・チョッパー」以外のコスト4以下の特徴《麦わらの一味》を持つキャラカード1枚までを、手札に加える。,,ONE PIECEカードゲーム プロモーションパックVol.6,,
OP01-016,ナミ,R,CHARACTER,赤,コスト,1,2000,1000,特,麦わらの一味,1,【登場時】自分のデッキの上から5枚を見て、「ナミ」以外の特徴《麦わらの一味》を持つカード1枚までを公開し、手札に加える。その後、残りを好きな順番でデッキの下に置く。,,ジャンプGIGA 2023 SPRING 応募者全員サービス,,
OP01-016,ナミ,R,CHARACTER,赤,コスト,1,2000,1000,特,麦わらの一味,1,【登場時】自分のデッキの上から5枚を見て、「ナミ」以外の特徴《麦わらの一味》を持つカード1枚までを公開し、手札に加える。その後、残りを好きな順番でデッキの下に置く。,,プロモーションカードセット,,
OP01-017,ニコ・ロビン,R,CHARACTER,赤,コスト,3,4000,1000,打,麦わらの一味,1,【ドン!!×1】【アタック時】相手のパワー3000以下のキャラ1枚までを、KOする。,,『ONE PIECE FILM RED』入場者プレゼント フィナーレセット,,
OP01-017,ニコ・ロビン,R,CHARACTER,赤,コスト,3,4000,1000,打,麦わらの一味,1,【ドン‼×1】【アタック時】相手のパワー3000以下のキャラ1枚までを、KOする。,,ONE PIECEカードゲーム プロモーションパックVol.5,,
OP01-021,フランキー,UC,CHARACTER,赤,コスト,3,4000,-,射,麦わらの一味,1,【ドン!!×1】このキャラは、相手のアクティブのキャラにもアタックできる。,,『ONE PIECE FILM RED』入場者プレゼント フィナーレセット,,
OP01-021,フランキー,UC,CHARACTER,赤,コスト,3,4000,-,射,麦わらの一味,1,【ドン‼×1】このキャラは、相手のアクティブのキャラにもアタックできる。,,スタンダードバトル 9月優勝記念品,,
OP01-021,フランキー,UC,CHARACTER,赤,コスト,3,4000,-,射,麦わらの一味,1,【ドン‼×1】このキャラは、相手のアクティブのキャラにもアタックできる。,,スタンダードバトルパック2022 Vol.1,,
OP01-021,フランキー,UC,CHARACTER,赤,コスト,3,4000,-,射,麦わらの一味,1,【ドン‼×1】このキャラは、相手のアクティブのキャラにもアタックできる。,,プロモーションカードセット,,
OP01-025,ロロノア・ゾロ,SR,CHARACTER,赤,コスト,3,5000,-,斬,超新星/麦わらの一味,1,【速攻】(このカードは登場したターンにアタックできる),,フラッグシップバトル2023 4月優勝記念品,,
OP01-033,イゾウ,UC,CHARACTER,緑,コスト,3,3000,2000,射,ワノ国/元白ひげ海賊団,1,【登場時】相手のコスト4以下のキャラ1枚までを、レストにする。,,スタンダードバトルパック2022 Vol.1,,
OP01-035,お菊,R,CHARACTER,緑,コスト,3,5000,-,斬,ワノ国/赤鞘九人男,1,【ドン!!×1】【アタック時】【ターン1回】相手のコスト5以下のキャラ1枚までを、レストにする。,,スタンダードバトルパック Vol.3,,
OP01-039,キラー,UC,CHARACTER,緑,コスト,2,2000,1000,斬,超新星/キッド海賊団,1,【ブロッカー】(相手のアタックの後、このカードをレストにし、アタックの対象をこのカードにできる)【ドン‼×1】【ブロック時】自分のキャラが３枚以上いる場合、カード1枚を引く。,,プロモーションパックEX Vol.1,,
OP01-041,光月モモの助,R,CHARACTER,緑,コスト,1,-,1000,斬,ワノ国/光月家,1,【起動メイン】①(コストエリアのドン‼を指定の数レストにできる)，このキャラをレストにできる：自分のデッキの上から5枚を見て、特徴《ワノ国》を持つカード1枚までを公開し、手札に加える。その後、残りを好きな順番でデッキの下に置く。,,スタンダードバトルパックVol.7,,
OP01-070,ジュラキュール・ミホーク,SR,CHARACTER,青,コスト,9,9000,-,斬,王下七武海,1,【登場時】コスト7以下のキャラ1枚までを、持ち主のデッキの下に置く。,,フラッグシップバトル2024 1月優勝記念品,,
OP01-077,ペローナ,UC,CHARACTER,青,コスト,1,2000,1000,特,スリラーバーク海賊団,1,【登場時】自分のデッキの上から5枚を見て、好きな順番に並び変え、デッキの上か下に置く。,,ジャンプGIGA 2023 SPRING 応募者全員サービス,,
OP01-077,ペローナ,UC,CHARACTER,青,コスト,1,2000,1000,特,スリラーバーク海賊団,1,【登場時】自分のデッキの上から5枚を見て、好きな順番に並び変え、デッキの上か下に置く。,,始めようキャンペーン プロモーションパック,,
OP01-077,ペローナ,UC,CHARACTER,青,コスト,1,2000,1000,特,スリラーバーク海賊団,1,【登場時】自分のデッキの上から5枚を見て、好きな順番に並び変え、デッキの上か下に置く。,,始めようキャンペーン プロモーションパック,,
OP01-094,カイドウ,SR,CHARACTER,紫,コスト,10,12000,-,打,四皇/百獣海賊団,1,【登場時】ドン‼-6(自分の場のドン‼を指定の数ドン‼デッキに戻すことができる)：自分のリーダーが特徴《百獣海賊団》を持つ場合、このキャラ以外のキャラすべてを、KOする。,,フラッグシップバトル2023 10月優勝記念品,,
OP01-108,人斬り鎌ぞう,UC,CHARACTER,紫,コスト,4,5000,1000,斬,超新星/キッド海賊団/SMILE,1,【KO時】ドン‼-1(自分の場のドン‼を指定の数ドン‼デッキに戻すことができる)：相手のコスト5以下のキャラ1枚までを、KOする。,,ONE PIECEカードゲーム プロモーションパックVol.5,,
OP01-114,X・ドレーク,R,CHARACTER,紫,コスト,5,5000,2000,斬,海軍/ドレーク海賊団/百獣海賊団,1,【登場時】ドン‼-1(自分の場のドン‼を指定の数ドン‼デッキに戻すことができる)：相手は自身の手札1枚を捨てる。,,プロモーションパックEX Vol.1,,
OP01-120,シャンクス,SEC,CHARACTER,赤,コスト,9,10000,-,斬,四皇/赤髪海賊団,1,【速攻】(このカードは登場したターンにアタックできる)【アタック時】相手は、このバトル中、パワー2000以下のキャラの【ブロッカー】を発動できない。,,フラッグシップバトル2023 7月優勝記念品,,
OP02-004,エドワード・ニューゲート,SR,CHARACTER,赤,コスト,9,10000,-,特,四皇/白ひげ海賊団,1,【登場時】自分のリーダー1枚までを、次の自分のターン開始時まで、パワー+2000。その後、自分は、このターン中、自分の効果でライフを手札に加えられない。【ドン‼×2】【アタック時】相手のパワー3000以下のキャラ1枚までを、KOする。,,プロモーションパックEX Vol.1,,
OP02-008,ジョズ,R,CHARACTER,赤,コスト,4,4000,2000,打,白ひげ海賊団,1,【ドン‼×1】自分のライフが2枚以下でかつ、自分のリーダーが『白ひげ海賊団』を含む特徴を持つ場合、このキャラは【速攻】を得る。(このカードは登場したターンにアタックできる),,プロモーションパックEX Vol.1,,
OP02-029,キャロット,R,CHARACTER,緑,コスト,5,5000,2000,特,ミンク族,1,【自分のターン終了時】自分のドン!!1枚までを、アクティブにする。,,ジャンプGIGA 2023 SPRING 応募者全員サービス,,
OP02-034,トニートニー・チョッパー,UC,CHARACTER,緑,コスト,2,2000,2000,知,FILM/動物/麦わらの一味,1,【ドン‼×1】【アタック時】相手のコスト2以下のキャラ1枚までを、レストにする。,,ONE PIECEカードゲーム プロモーションパックVol.5,,
OP02-035,トラファルガー・ロー,C,CHARACTER,緑,コスト,2,3000,1000,斬,FILM/超新星/ハートの海賊団,1,【起動メイン】➀(コストエリアのドン‼を指定の数レストにできる)，このキャラを持ち主の手札に戻すことができる：自分の手札からコスト3のキャラ1枚までを、登場させる。,,ONE PIECEカードゲーム プロモーションパックVol.3,,
OP02-059,ボア・ハンコック,UC,CHARACTER,青,コスト,4,5000,1000,特,インペルダウン/王下七武海/九蛇海賊団,1,【アタック時】カード1枚を引き、自分の手札1枚を捨てる。その後、自分の手札3枚までを捨てる。,,プロモーションカードセット,,
OP02-063,Mr.1(ダズ・ボーネス),UC,CHARACTER,青,コスト,1,1000,1000,斬,インペルダウン/元B・W,1,【登場時】自分のトラッシュからコスト1の青のイベント1枚までを、手札に加える。,,ONE PIECEカードゲーム プロモーションパックVol.6,,
OP02-096,クザン,SR,CHARACTER,黒,コスト,4,5000,-,特,海軍,1,【登場時】カード1枚を引く。【アタック時】相手のキャラ1枚までを、このターン中、コスト-4。,,チャンピオンシップ2023 1次予選エリア大会 ベスト8記念品,,
OP02-098,コビー,R,CHARACTER,黒,コスト,3,4000,1000,打,海軍,1,【登場時】自分の手札1枚を捨てることができる：相手のコスト3以下のキャラ1枚までを、KOする。,,ONE PIECEカードゲーム プロモーションパックVol.3,,
OP02-098,コビー,R,CHARACTER,黒,コスト,3,4000,1000,打,海軍,1,【登場時】自分の手札1枚を捨てることができる：相手のコスト3以下のキャラ1枚までを、KOする。,,フラッグシップバトル2023 7月ベスト8記念品,,
OP02-099,サカズキ,SR,CHARACTER,黒,コスト,6,7000,-,特,海軍,1,【登場時】自分の手札1枚を捨てることができる：相手のコスト5以下のキャラ1枚までを、KOする。,,チャンピオンシップ2023 1次予選決勝大会 ベスト32記念品,,
OP02-105,たしぎ,C,CHARACTER,黒,コスト,3,5000,-,斬,海軍,1,【ドン!!×1】【アタック時】相手のキャラ1枚までを、このターン中、コスト-3。,,ジャンプGIGA 2023 SPRING 応募者全員サービス,,
OP02-108,ドンキホーテ・ロシナンテ,C,CHARACTER,黒,コスト,2,2000,1000,特,海軍/ドンキホーテ海賊団,1,【ブロッカー】(相手のアタックの後、このカードをレストにし、アタックの対象をこのカードにできる),,ONE PIECEカードゲーム プロモーションパックVol.5,,
OP02-114,ボルサリーノ,SR,CHARACTER,黒,コスト,4,5000,1000,特,海軍,1,【相手のターン中】このキャラは効果でKOされず、パワー+1000。【ブロッカー】(相手のアタックの後、このカードをレストにし、アタックの対象をこのカードにできる),,チャンピオンシップ2023 1次予選エリア大会 ベスト16記念品,,
OP03-013,マルコ,SR,CHARACTER,赤,コスト,5,6000,1000,特,白ひげ海賊団,1,【自分のターン中】【登場時】相手のパワー3000以下のキャラ1枚までを、KOする。【KO時】自分の手札からイベント1枚を捨てることができる：このキャラカードをトラッシュからレストで登場させる。,,プロモーションパックEX Vol.1,,
OP03-033,はっちゃん,UC,CHARACTER,緑,コスト,4,4000,2000,斬,魚人族/東の海/アーロン一味,1,-,【トリガー】自分のリーダーが特徴《東の海》を持つ場合、このカードを登場させる。,スタンダードバトルパックVol.6,,
OP03-044,カヤ,R,CHARACTER,青,コスト,1,-,2000,知,東の海,1,【登場時】カード2枚を引き、自分の手札2枚を捨てる。,,スタンダードバトルパックVol.6,,
OP03-044,カヤ,R,CHARACTER,青,コスト,1,-,2000,知,東の海,1,【登場時】カード2枚を引き、自分の手札2枚を捨てる。,,スタンダードバトル 2024年1月優勝記念品,,
OP03-088,フクロウ,UC,CHARACTER,黒,コスト,3,3000,1000,打,CP9,1,このキャラは効果でKOされない。【ブロッカー】(相手のアタックの後、このカードをレストにし、アタックの対象をこのカードにできる),,スタンダードバトルパックVol.6,,
OP03-089,ブランニュー,R,CHARACTER,黒,コスト,2,3000,1000,知,海軍,1,【登場時】自分のデッキの上から3枚を見て、「ブランニュー」以外の特徴《海軍》を持つカード1枚までを公開し、手札に加える。その後、残りをトラッシュに置く。,,スタンダードバトルパックVol.4,,
OP03-102,サンジ,R,CHARACTER,黄,コスト,2,3000,2000,打,ヴィンスモーク家,1,【ドン!!×2】【アタック時】自分のライフの上か下から1枚を手札に加えることができる：自分のデッキの上から1枚までを、ライフの上に加える。,,スタンダードバトルパックVol.4,,
OP03-112,シャーロット・プリン,R,CHARACTER,黄,コスト,1,2000,1000,知,ビッグ・マム海賊団,1,【登場時】自分のデッキの上から4枚を見て、「シャーロット・プリン」以外の特徴《ビッグ・マム海賊団》を持つカードか「サンジ」1枚までを公開し、手札に加える。その後、残りを好きな順番でデッキの下に置く。,,スタンダードバトルパックVol.8,,
OP03-112,シャーロット・プリン,R,CHARACTER,黄,コスト,1,2000,1000,知,ビッグ・マム海賊団,1,【登場時】自分のデッキの上から4枚を見て、「シャーロット・プリン」以外の特徴《ビッグ・マム海賊団》を持つカードか「サンジ」1枚までを公開し、手札に加える。その後、残りを好きな順番でデッキの下に置く。,,チャンピオンシップ2024 WAVE1 エリア大会 ベスト16記念品,,
OP03-116,しらほし,UC,CHARACTER,黄,コスト,5,-,1000,知,人魚族,1,【登場時】カード3枚を引き、自分の手札2枚を捨てる。,【トリガー】このカードを登場させる。,スタンダードバトルパックVol.6,,
OP03-116,しらほし,UC,CHARACTER,黄,コスト,5,-,1000,知,人魚族,1,【登場時】カード3枚を引き、自分の手札2枚を捨てる。,【トリガー】このカードを登場させる。,チャンピオンシップ2024 WAVE2 3on3 Autumn ベスト16記念品,,
OP03-123,シャーロット・カタクリ,SEC,CHARACTER,黄,コスト,8,8000,-,打,ビッグ・マム海賊団,1,【登場時】コスト8以下のキャラ1枚までを、持ち主のライフの上か下に表向きで加える。,,チャンピオンシップ2024 WAVE1 エリア大会 ベスト8記念品,,
OP04-010,トニートニー・チョッパー,C,CHARACTER,赤,コスト,3,4000,1000,打,動物/アラバスタ王国/麦わらの一味,1,【登場時】自分の手札からパワー3000以下の特徴《動物》を持つキャラカード1枚までを、登場させる。,,スタンダードバトルパックVol.8,,
OP04-083,サボ,SR,CHARACTER,黒,コスト,5,6000,1000,特,ドレスローザ/革命軍,1,【ブロッカー】(相手のアタックの後、このカードをレストにし、アタックの対象をこのカードにできる)【登場時】自分のキャラすべては、次の自分のターン開始時まで、効果でKOされない。その後、カード2枚を引き、自分の手札2枚を捨てる。,,8パックバトル 2023年優勝記念品,,
OP04-092,レベッカ,R,CHARACTER,黒,コスト,1,2000,1000,斬,ドレスローザ,1,【登場時】自分のデッキの上から3枚を見て、「レベッカ」以外の特徴《ドレスローザ》を持つカード1枚までを公開し、手札に加える。その後、残りをトラッシュに置く。,,スタンダードバトル 2024年12月優勝記念品,,
OP04-092,レベッカ,R,CHARACTER,黒,コスト,1,2000,1000,斬,ドレスローザ,1,【登場時】自分のデッキの上から3枚を見て、「レベッカ」以外の特徴《ドレスローザ》を持つカード1枚までを公開し、手札に加える。その後、残りをトラッシュに置く。,,スタンダードバトルパックVol.10,,
OP04-100,カポネ・ベッジ,R,CHARACTER,黄,コスト,3,3000,2000,射,ファイアタンク海賊団,1,-,【トリガー】相手のリーダーかキャラ1枚までは、このターン中、アタックできない。,プロモーションパックEX Vol.1,,
OP04-112,ヤマト,SR,CHARACTER,黄,コスト,9,9000,-,打,ワノ国,1,【登場時】お互いのライフの合計枚数以下のコストを持つ相手のキャラ1枚までを、KOする。その後、自分のライフが1枚以下の場合、自分のデッキの上から1枚までを、ライフの上に加える。,,フラッグシップバトル2024 7月ベスト8記念品,,
OP05-006,コアラ,SR,CHARACTER,赤,コスト,2,3000,2000,打,革命軍,2,【登場時】自分のリーダーが特徴《革命軍》を持つ場合、相手のキャラ1枚までを、このターン中、パワー-3000。,,8パックバトル 2025年10月,,
OP05-036,モネ,UC,CHARACTER,緑,コスト,3,1000,1000,特,ドンキホーテ海賊団,2,【ブロッカー】(相手のアタックの後、このカードをレストにし、アタックの対象をこのカードにできる)【ブロック時】相手のコスト4以下のキャラ1枚までを、レストにする。,,ONE PIECEカードゲーム プロモーションパックVol.6,,
OP05-037,勝者だけが正義だ!!!!,R,EVENT,緑,コスト,-,-,-,-,ドンキホーテ海賊団,2,【カウンター】自分の手札1枚を捨てることができる：自分のリーダーかキャラ1枚までを、このバトル中、パワー+3000。,【トリガー】相手のコスト4以下のキャラ1枚までを、レストにする。,スタンダードバトルパックVol.12,,
OP05-037,勝者だけが正義だ!!!!,R,EVENT,緑,コスト,-,-,-,-,ドンキホーテ海賊団,2,【カウンター】自分の手札1枚を捨てることができる：自分のリーダーかキャラ1枚までを、このバトル中、パワー+3000。,【トリガー】相手のコスト4以下のキャラ1枚までを、レストにする。,スタンダードバトル 2025年6月優勝記念品,,
OP05-060,モンキー・D・ルフィ,L,LEADER,紫,ライフ,5,5000,-,打,麦わらの一味,2,【起動メイン】【ターン1回】自分のライフの上から1枚を手札に加えることができる：自分の場のドン!!が0枚か、3枚以上ある場合、ドン!!デッキからドン!!1枚までを、アクティブで追加する。,,ONE PIECEカードゲーム SOUND LOADER Volume.1 特典カード,,
OP05-067,ゾロ十郎,R,CHARACTER,紫,コスト,3,4000,1000,斬,麦わらの一味,2,【アタック時】自分のライフが3枚以下の場合、ドン‼デッキからドン‼1枚までを、アクティブで追加する。,,「ONE PIECE CARD GAME 2nd ANNIVERSARY COMPLETE GUIDE」限定特典カード,,
OP05-086,ネフェルタリ・ビビ,R,CHARACTER,黒,コスト,1,1000,1000,知,アラバスタ王国,2,自分のトラッシュが10枚以上ある場合、このキャラは【ブロッカー】を得る。,,チャンピオンシップ2024 WAVE2 3on3 Autumn ベスト8記念品,,
OP05-091,レベッカ,SR,CHARACTER,黒,コスト,4,-,1000,知,ドレスローザ,2,【ブロッカー】【登場時】自分のトラッシュの「レベッカ」以外のコスト3から7の黒のキャラカード1枚までを、手札に加える。その後、自分の手札からコスト3以下の黒のキャラカード1枚までを、レストで登場させる。,,チャンピオンシップ2024 WAVE2 決勝大会 ベスト32記念品,,
OP05-098,エネル,L,LEADER,黄,ライフ,4,5000,-,特,空島,2,【相手のターン中】【ターン1回】自分のライフが0枚になった時、自分のデッキの上から1枚を、ライフの上に加える。その後、自分の手札1枚を捨てる。,,ONE PIECEカードゲーム SOUND LOADER Volume.2 特典カード,,
OP05-102,ゲダツ,R,CHARACTER,黄,コスト,5,6000,1000,打,空島/神官,2,【登場時】相手のライフの枚数以下のコストを持つ相手のキャラ1枚までを、KOする。,,プロモーションパックEX Vol.2,,
OP05-106,シュラ,R,CHARACTER,黄,コスト,2,2000,1000,斬,空島/神官,2,【登場時】自分のデッキの上から5枚を見て、「シュラ」以外の特徴《空島》を持つカード1枚までを公開し、手札に加える。その後、残りを好きな順番でデッキの下に置く。,【トリガー】このカードを登場させる。,スタンダードバトルパックVol.7,,
OP06-025,ケイミー,R,CHARACTER,緑,コスト,1,2000,1000,知,人魚族,2,【登場時】自分のデッキの上から4枚を見て、「ケイミ―」以外の特徴《魚人族》か《人魚族》を持つカード1枚までを公開し、手札に加える。その後、残りを好きな順番でデッキの下に置く。,,プロモーションパックEX Vol.2,,
OP06-047,シャーロット・プリン,R,CHARACTER,青,コスト,4,4000,1000,知,ビッグ・マム海賊団,2,【登場時】相手は自身の手札すべてをデッキに戻しシャッフルする。その後、相手はカード5枚を引く。,,スタンダードバトル 2024年9月優勝記念品,,
OP06-047,シャーロット・プリン,R,CHARACTER,青,コスト,4,4000,1000,知,ビッグ・マム海賊団,2,【登場時】相手は自身の手札すべてをデッキに戻しシャッフルする。その後、相手はカード5枚を引く。,,スタンダードバトルパックVol.9,,
OP06-051,つる,R,CHARACTER,青,コスト,5,4000,2000,特,海軍,2,【登場時】自分の手札2枚を捨てることができる：相手は自身のキャラ1枚を持ち主の手札に戻す。,,スタンダードバトルパックVol.12,,
OP06-063,ヴィンスモーク・ソラ,UC,CHARACTER,紫,コスト,1,-,2000,知,ヴィンスモーク家/ジェルマ王国,2,【登場時】自分の手札1枚を捨てることができる：自分の場のドン‼が相手の場のドン‼の枚数以下の場合、自分のトラッシュのパワー4000以下の特徴《ヴィンスモーク家》を持つキャラカード1枚までを、手札に加える。,,ONE PIECEカードゲーム プロモーションパックVol.7,,
OP06-069,ヴィンスモーク・レイジュ,SR,CHARACTER,紫,コスト,4,5000,1000,特,ヴィンスモーク家/ジェルマ66,2,【登場時】自分の場のドン‼が相手の場のドン‼の枚数以下でかつ、自分の手札が5枚以下の場合、カード2枚を引く。,,フラッグシップバトル2024 4月優勝記念品,,
OP06-076,人斬り鎌ぞう,UC,CHARACTER,紫,コスト,4,5000,2000,斬,超新星/キッド海賊団/SMILE,2,【自分のターン中】【ターン1回】自分の場のドン !!がドン !!デッキに戻された時、相手のコスト2以下のキャラ1枚までを、KOする。,,スタンダードバトルパックVol.9,,
OP06-092,ブルック,R,CHARACTER,黒,コスト,6,6000,-,斬,元ルンバー海賊団,2,【登場時】以下から1つを選ぶ。相手のコスト4以下のキャラ1枚までを、トラッシュに置く。相手は自身のトラッシュのカード3枚を好きな順番でデッキの下に置く。,,プロモーションパックEX Vol.2,,
OP06-093,ペローナ,SR,CHARACTER,黒,コスト,4,5000,2000,特,スリラーバーク海賊団,2,【登場時】相手の手札が5枚以上ある場合、以下から1つを選ぶ。・相手は自身の手札1枚を捨てる。・相手のキャラ1枚までを、このターン中、コスト-3。,,フラッグシップバトル2024 1月ベスト8記念品,,
OP06-101,おナミ,R,CHARACTER,黄,コスト,2,3000,1000,特,麦わらの一味,2,【登場時】自分のリーダーかキャラ1枚までは、このターン中、【バニッシュ】を得る。(このカードがダメージを与えた場合、トリガーは発動せずそのカードはトラッシュに置かれる)【トリガー】相手のコスト5以下のキャラ1枚までを、KOする。,,「ONE PIECE CARD GAME 2nd ANNIVERSARY COMPLETE GUIDE」限定特典カード,,
OP06-110,ネコマムシ,UC,CHARACTER,黄,コスト,4,5000,1000,斬,ミンク族/ワノ国/赤鞘九人男,2,【ドン !!×2】このキャラは相手のアクティブのキャラにもアタックできる。,【トリガー】相手のライフが3枚以下の場合、このカードを登場させる。,ONE PIECEカードゲーム プロモーションパックVol.6,,
OP07-015,モンキー・D・ドラゴン,SR,CHARACTER,赤,コスト,8,9000,-,特,革命軍,2,【速攻】(このカードは登場したターンにアタックできる)【登場時】自分のリーダーかキャラ1枚にレストのドン‼2枚までを、付与する。,,プロモーションパックEX Vol.3,,
OP07-021,ウルージ,R,CHARACTER,緑,コスト,4,5000,1000,打,超新星/破戒僧海賊団,2,【ブロッカー】(相手のアタックの後、このカードをレストにし、アタックの対象をこのカードにできる)【自分のターン終了時】自分のドン!!1枚までを、アクティブにする。,,始めようキャンペーン プロモーションパック,,
OP07-021,ウルージ,R,CHARACTER,緑,コスト,4,5000,1000,打,超新星/破戒僧海賊団,2,【ブロッカー】(相手のアタックの後、このカードをレストにし、アタックの対象をこのカードにできる)【自分のターン終了時】自分のドン!!1枚までを、アクティブにする。,,始めようキャンペーン プロモーションパック,,
OP07-047,トラファルガー・ロー,R,CHARACTER,青,コスト,4,4000,2000,斬,王下七武海/ハートの海賊団,2,【起動メイン】このキャラを持ち主の手札に戻すことができる：相手の手札が6枚以上ある場合、相手は自身の手札1枚をデッキの下に置く。,,Vジャンプ10月特大号応募者全員サービス（2024年8月21日売）,,
OP07-053,ポートガス・D・エース,R,CHARACTER,青,コスト,5,6000,1000,特,白ひげ海賊団,2,【ブロッカー】(相手のアタックの後、このカードをレストにし、アタックの対象をこのカードにできる)【登場時】カード2枚を引き、自分の手札2枚を好きな順番で並び替え、デッキの上か下に置く。,,スタンダードバトルパックVol.8,,
OP07-053,ポートガス・D・エース,R,CHARACTER,青,コスト,5,6000,1000,特,白ひげ海賊団,2,【ブロッカー】(相手のアタックの後、このカードをレストにし、アタックの対象をこのカードにできる)【登場時】カード2枚を引き、自分の手札2枚を好きな順番で並び替え、デッキの上か下に置く。,,スタンダードバトル 2024年6月優勝記念品,,
OP07-053,ポートガス・D・エース,R,CHARACTER,青,コスト,5,6000,1000,特,白ひげ海賊団,2,【ブロッカー】(相手のアタックの後、このカードをレストにし、アタックの対象をこのカードにできる)【登場時】カード2枚を引き、自分の手札2枚を好きな順番で並び替え、デッキの上か下に置く。,,週刊少年ジャンプ19号応募者全員サービス（2025年4月7日売）,,
OP07-064,サンジ,SR,CHARACTER,紫,コスト,6,6000,2000,打,麦わらの一味,2,手札のこのカードは、自分の場のドン‼の枚数が相手の場のドン‼の枚数より2枚以上少ない場合、コスト-3。【ブロッカー】(相手のアタックの後、このカードをレストにし、アタックの対象をこのカードにできる),,プロモーションパックEX Vol.2,,
OP07-066,トニートニー・チョッパー,R,CHARACTER,紫,コスト,2,-,1000,打,動物/フォクシー海賊団,2,【ブロッカー】(相手のアタックの後、このカードをレストにし、アタックの対象をこのカードにできる)【登場時】自分の場のドン!!が相手の場のドン!!の枚数以下の場合、ドン!!デッキからドン!!1枚までを、レストで追加する。,,最強ジャンプ5月号応募者全員サービス（2025年4月4日売）,,
OP07-080,カク,R,CHARACTER,黒,コスト,4,5000,2000,斬,CP0,2,【登場時】自分のトラッシュの『CP』を含む特徴を持つカード2枚を好きな順番でデッキの下に置くことができる：相手のキャラ1枚までを、このターン中、コスト-3。,,スタンダードバトルパックVol.9,,
OP07-091,モンキー・D・ルフィ,R,CHARACTER,黒,コスト,5,6000,1000,特,麦わらの一味,2,【アタック時】相手のコスト2以下のキャラ1枚までをトラッシュに置く。その後、自分のトラッシュからコスト4以上のキャラカードを任意の枚数好きな順番でデッキの下に置く。置いた枚数3枚につき、このキャラは、このターン中、パワー+1000。,,ONE PIECEカードゲーム プロモーションパックVol.6,,
OP07-100,エジソン,C,CHARACTER,黄,コスト,4,5000,2000,知,科学者/エッグヘッド,2,【登場時】自分のライフが2枚以下の場合、カード2枚を引き、自分の手札2枚を捨てる。,【トリガー】自分のリーダーが「ベガパンク」の場合、このカードを登場させる。,スタンダードバトルパックVol.8,,
OP07-107,フランキー,R,CHARACTER,黄,コスト,4,5000,2000,打,エッグヘッド/麦わらの一味,2,-,【トリガー】カード1枚を引く。その後、自分のライフが1枚以下の場合、このカードを登場させる。,ONE PIECE CARD GAME 3rd ANNIVERSARY COMPLETE GUIDE付録,,
OP07-109,モンキー・D・ルフィ,SR,CHARACTER,黄,コスト,5,6000,1000,打,四皇/エッグヘッド/麦わらの一味,2,【起動メイン】このキャラをトラッシュに置くことができる：自分のライフが2枚以下の場合、相手のコスト4以下のキャラ1枚までを、KOする。その後、カード1枚を引く。,【トリガー】相手のコスト4以下のキャラ1枚までを、KOする。,Vジャンプ10月特大号応募者全員サービス（2024年8月21日売）,,
OP07-109,モンキー・D・ルフィ,SR,CHARACTER,黄,コスト,5,6000,1000,打,四皇/エッグヘッド/麦わらの一味,2,【起動メイン】このキャラをトラッシュに置くことができる：自分のライフが2枚以下の場合、相手のコスト4以下のキャラ1枚までを、KOする。その後、カード1枚を引く。,【トリガー】相手のコスト4以下のキャラ1枚までを、KOする。,シリアルナンバー入りルフィ ゲットキャンペーン,,
OP07-113,ロロノア・ゾロ,UC,CHARACTER,黄,コスト,5,6000,1000,斬,エッグヘッド/麦わらの一味,2,-,【トリガー】自分のリーダーが特徴《エッグヘッド》を持つ場合、相手のリーダーかキャラ1枚までを、レストにする。,Vジャンプ10月特大号 応募者全員サービス,,
OP07-119,ポートガス・D・エース,SEC,CHARACTER,黄,コスト,10,10000,-,特,白ひげ海賊団,2,【登場時】自分のデッキの上から1枚までを、ライフの上に加える。その後、自分のライフが2枚以下の場合、このキャラは、このターン中、【速攻】を得る。(このカードは登場したターンにアタックできる),,フラッグシップバトル2023 7月優勝記念品,,
OP08-020,ドラム王国,C,STAGE,赤,コスト,1,-,-,-,ドラム王国,2,【相手のターン中】自分の特徴《ドラム王国》を持つキャラすべてを、パワー+1000。,,プロモーションパックEX Vol.2,,
OP08-062,シャーロット・カタクリ,UC,CHARACTER,紫,コスト,2,3000,1000,打,ビッグ・マム海賊団,2,【起動メイン】このキャラをトラッシュに置くことができる：自分のリーダーが特徴《ビッグ・マム海賊団》を持つ場合、自分の手札からコスト3以上でかつ、相手の場のドン‼の枚数以下のコストを持つ「シャーロット・カタクリ」1枚までを、登場させる。,,スタンダードバトルパックVol.11,,
OP08-067,シャーロット・プリン,R,CHARACTER,紫,コスト,3,4000,1000,知,ビッグ・マム海賊団,2,【自分のターン中】【ターン1回】自分の場のドン‼がドン‼デッキに戻された時、ドン‼デッキからドン‼1枚までを、レストで追加する。,,フラッグシップバトル2025 1月ベスト8記念品,,
OP08-074,ブラックマリア,SR,CHARACTER,紫,コスト,3,2000,2000,特,百獣海賊団,2,【起動メイン】【ターン1回】自分のキャラの他の「ブラックマリア」がいない場合、ドン‼デッキからドン‼5枚までを、レストで追加する。その後、このターン終了時、相手の場のドン‼の枚数と同じ枚数になるように自分の場のドン‼をドン‼デッキに戻す。,,始めようキャンペーン プロモーションパック,,
OP08-074,ブラックマリア,SR,CHARACTER,紫,コスト,3,2000,2000,特,百獣海賊団,2,【起動メイン】【ターン1回】自分のキャラの他の「ブラックマリア」がいない場合、ドン‼デッキからドン‼5枚までを、レストで追加する。その後、このターン終了時、相手の場のドン‼の枚数と同じ枚数になるように自分の場のドン‼をドン‼デッキに戻す。,,始めようキャンペーン プロモーションパック,,
OP08-084,ジャック,SR,CHARACTER,黒,コスト,7,8000,-,斬,百獣海賊団,2,このキャラのコスト+4。【起動メイン】このキャラをレストにできる：カード1枚を引き、自分の手札1枚を捨てる。その後、相手のコスト3以下のキャラ1枚までを、KOする。,,フラッグシップバトル2024 10月ベスト8記念品,,
OP08-106,ナミ,SR,CHARACTER,黄,コスト,5,5000,1000,特,エッグヘッド/麦わらの一味,2,【登場時】自分の手札から【トリガー】を持つカード1枚を捨てることができる：相手のコスト5以下のキャラ1枚までを、KOする。その後、自分の手札が3枚以下の場合、カード1枚を引く。,【トリガー】このカードの【登場時】効果を発動する。,シリアルナンバー入りナミ ゲットキャンペーン,,
OP08-106,ナミ,SR,CHARACTER,黄,コスト,5,5000,1000,特,エッグヘッド/麦わらの一味,2,【登場時】自分の手札から【トリガー】を持つカード1枚を捨てることができる：相手のコスト5以下のキャラ1枚までを、KOする。その後、自分の手札が3枚以下の場合、カード1枚を引く。,【トリガー】このカードの【登場時】効果を発動する。,プロモーションパックEX Vol.3,,
OP08-110,ワイパー,R,CHARACTER,黄,コスト,4,5000,2000,射,空島/シャンドラの戦士,2,【登場時】自分のデッキの上から5枚を見て、「アッパーヤード」1枚までを公開し、手札に加える。その後、残りを好きな順番でデッキの下に置き、自分の手札から「アッパーヤード」1枚までを、登場させる。,,スタンダードバトルパックVol.10,,
OP09-002,ウタ,R,CHARACTER,赤,コスト,1,2000,1000,特,FILM,3,【登場時】自分のデッキの上から5枚を見て、特徴《赤髪海賊団》を持つカード1枚までを公開し、手札に加える。その後、残りを好きな順番でデッキの下に置く。,,フラッグシップバトル2024 10月優勝記念品,,
OP09-004,シャンクス,SR,CHARACTER,赤,コスト,10,12000,-,斬,四皇/赤髪海賊団,3,相手のキャラすべてを、パワー-1000。【速攻】(このカードは登場したターンにアタックできる),,チャンピオンシップ25-26 Season 1 エリア決勝大会 ベスト32記念品,,
OP09-011,ホンゴウ,UC,CHARACTER,赤,コスト,3,3000,2000,打,赤髪海賊団,3,【起動メイン】このキャラをレストにできる：自分のリーダーが特徴《赤髪海賊団》を持つ場合、相手のキャラ1枚までを、このターン中、パワー-2000。,,スタンダードバトルパックVol.10,,
OP09-027,サボ,UC,CHARACTER,緑,コスト,5,6000,1000,特,ODYSSEY/革命軍,3,【アタック時】【ターン1回】自分のレストのキャラが3枚以上いる場合、カード1枚を引く。,,週刊少年ジャンプ19号応募者全員サービス（2025年4月7日売）,,
OP09-034,ペローナ,R,CHARACTER,緑,コスト,1,2000,2000,特,シッケアール王国/スリラーバーク海賊団,3,【登場時】自分のデッキの上から5枚を見て、特徴《スリラーバーク海賊団》を持つカードか「ジュラキュール・ミホーク」1枚までを公開し、手札に加える。その後、残りを好きな順番でデッキの下に置き、自分の手札1枚を捨てる。,,Vジャンプ10月特大号 応募者全員サービス,,
OP09-043,アルビダ,UC,CHARACTER,青,コスト,5,6000,1000,打,クロスギルド,3,【KO時】自分のリーダーが特徴《クロスギルド》を持つ場合、自分の手札から「アルビダ」以外のコスト5以下のキャラカード1枚までを、登場させる。,,ONE PIECEカードゲーム プロモーションパックVol.7,,
OP09-050,ナミ,R,CHARACTER,青,コスト,1,1000,1000,知,東の海,3,【アタック時】自分のデッキの上から5枚を見て、青のイベント1枚までを公開し、手札に加える。その後、残りを好きな順番でデッキの下に置く。,,始めようキャンペーン プロモーションパック,,
OP09-050,ナミ,R,CHARACTER,青,コスト,1,1000,1000,知,東の海,3,【アタック時】自分のデッキの上から5枚を見て、青のイベント1枚までを公開し、手札に加える。その後、残りを好きな順番でデッキの下に置く。,,始めようキャンペーン プロモーションパック,,
OP09-065,サンジ,SR,CHARACTER,紫,コスト,7,7000,1000,打,麦わらの一味,3,【登場時】自分の場のドン‼を1枚以上ドン‼デッキに戻すことができる：このキャラは、このターン中、【速攻】を得る。その後、相手のコスト6以下のキャラ1枚までを、レストにする。,,プロモーションパックEX Vol.2,,
OP09-069,トラファルガー・ロー,R,CHARACTER,紫,コスト,1,2000,1000,斬,ハートの海賊団,3,【登場時】自分のデッキの上から4枚を見て、コスト2以上の、特徴《麦わらの一味》か《ハートの海賊団》を持つカード1枚までを公開し、手札に加える。その後、残りを好きな順番でデッキの下に置く。,,フラッグシップバトル2025 1月優勝記念品,,
OP09-076,ロロノア・ゾロ,R,CHARACTER,紫,コスト,3,5000,-,斬,麦わらの一味,3,【登場時】自分の場のドン‼を1枚以上ドン‼デッキに戻すことができる：ドン‼デッキからドン‼1枚までを、アクティブで追加する。,,プロモーションパックEX Vol.2,,
OP09-089,ストロンガー,UC,CHARACTER,黒,コスト,1,-,2000,知,動物/黒ひげ海賊団,3,【起動メイン】自分の手札1枚を捨て、このキャラをトラッシュに置くことができる：自分のリーダーが特徴《黒ひげ海賊団》を持つ場合、カード1枚を引く。その後、相手のキャラ1枚までを、このターン中、コスト-2。,,ONE PIECEカードゲーム プロモーションパックVol.7,,
OP09-106,ニコ・オルビア,C,CHARACTER,黄,コスト,1,-,2000,知,オハラ,3,【登場時】自分のリーダーの「ニコ・ロビン」1枚までを、このターン中、パワー+3000。,【トリガー】自分のリーダーが「ニコ・ロビン」の場合、カード3枚を引き、自分の手札2枚を捨てる。,始めようキャンペーン プロモーションパック,,
OP09-106,ニコ・オルビア,C,CHARACTER,黄,コスト,1,-,2000,知,オハラ,3,【登場時】自分のリーダーの「ニコ・ロビン」1枚までを、このターン中、パワー+3000。,【トリガー】自分のリーダーが「ニコ・ロビン」の場合、カード3枚を引き、自分の手札2枚を捨てる。,始めようキャンペーン プロモーションパック,,
OP09-108,バーソロミュー・くま,UC,CHARACTER,黄,コスト,4,5000,2000,打,王下七武海/革命軍,3,-,【トリガー】自分のリーダーが特徴《革命軍》を持ち、お互いのライフの合計枚数が5枚以下の場合、このカードを登場させる。,スタンダードバトルパックVol.12,,
OP10-005,サンジ,SR,CHARACTER,赤,コスト,3,3000,1000,特,パンクハザード/麦わらの一味,3,【自分のターン中】このキャラのパワー+3000。【KO時】カード1枚を引く。,,フラッグシップバトル2025 10月優勝記念品,,
OP10-032,たしぎ,SR,CHARACTER,緑,コスト,3,4000,2000,特,パンクハザード/海軍,3,「たしぎ」以外の自分の緑のキャラが相手の効果で場を離れる場合、代わりにこのキャラをレストにできる。,,プロモーションパックEX Vol.3,,
OP10-033,ナミ,UC,CHARACTER,緑,コスト,2,2000,2000,特,ODYSSEY/麦わらの一味,3,【登場時】自分のレストの特徴《ODYSSEY》を持つキャラが2枚以上いる場合、相手のレストのドン‼1枚までは、次の相手のリフレッシュフェイズでアクティブにならない。,,最強ジャンプ5月号応募者全員サービス（2025年4月4日売）,,
OP10-107,ジュエリー・ボニー,UC,CHARACTER,黄,コスト,3,4000,1000,特,超新星/ボニー海賊団,3,【ブロッカー】【登場時】自分のライフの上か下から1枚を手札に加えることができる：自分の手札からコスト5の特徴《超新星》を持つキャラカード1枚までを、ライフの上に表向きで加える。,,ONE PIECEカードゲーム プロモーションパックVol.7,,
OP11-010,ひばり,SR,CHARACTER,赤,コスト,5,6000,-,射,海軍/SWORD,3,【登場時】相手のキャラ1枚までを、このターン中、パワー-2000。【アタック時】このキャラは、このターン中、パワー+1000。その後、自分の特徴《海軍》を持つリーダー1枚までは、このターン中、アクティブのキャラにもアタックできる。,,フラッグシップバトル2025 4月ベスト8記念品,,
OP11-012,フランキー,UC,CHARACTER,赤,コスト,4,4000,2000,打,麦わらの一味,3,【自分のターン中】【ターン1回】相手がイベントを発動した時、自分のキャラすべてを、このターン中、パワー+2000。,,プロモーションパックVol.8,,
OP11-058,モンキー・Ｄ・ルフィ,UC,CHARACTER,青,コスト,5,7000,1000,打,麦わらの一味,3,自分の手札が5枚以上ある場合、このキャラはアタックできない。【ブロッカー】(相手のアタックの後、このカードをレストにし、アタックの対象をこのカードにできる),,プロモーションパックVol.8,,
OP11-065,シャーロット・アナナ,UC,CHARACTER,紫,コスト,1,1000,1000,知,ビッグ・マム海賊団,3,「シャーロット・アナナ」以外の自分の紫の特徴《ビッグ・マム海賊団》を持つキャラがいる場合、このキャラは【ブロッカー】を得る。(相手のアタックの後、このカードをレストにし、アタックの対象をこのカードにできる),,プロモーションパックVol.8,,
OP11-071,シャーロット・ペロスペロー,R,CHARACTER,紫,コスト,5,7000,-,特,ビッグ・マム海賊団,3,【起動メイン】【ターン1回】自分の手札1枚を捨てることができる：任意のコストを宣言し、相手のデッキの上から1枚を公開する。公開したカードが宣言したコストと同じ場合、カード1枚を引き、ドン‼デッキからドン‼1枚までを、アクティブで追加する。,,プロモーションパックEX Vol.3,,
OP11-096,リッパー,UC,CHARACTER,黒,コスト,1,1000,1000,知,東の海/海軍,3,「リッパー」以外の自分の黒の特徴《海軍》を持つキャラがいる場合、このキャラは【ブロッカー】を得る。(相手のアタックの後、このカードをレストにし、アタックの対象をこのカードにできる),,プロモーションパックVol.8,,
OP11-119,コビー,SEC,CHARACTER,黒,コスト,8,9000,-,打,海軍/SWORD,3,【登場時】自分のキャラ1枚までは、このターン中、アクティブのキャラにもアタックできる。【アタック時】自分のトラッシュからカード2枚を好きな順番でデッキの下に置くことができる：自分のリーダーかキャラ1枚までを、次の相手のターン終了時まで、パワー+1000。,,フラッグシップバトル2025 4月優勝記念品,,
OP12-028,光月日和,R,CHARACTER,緑,コスト,1,-,1000,知,ワノ国/光月家,3,【起動メイン】自分のドン‼1枚とこのキャラをレストにできる：自分のリーダーが「ロロノア・ゾロ」の場合、自分のデッキの上から5枚を見て、属性(斬)を持つカードか緑のイベント1枚までを公開し、手札に加える。その後、残りを好きな順番でデッキの下に置く。,,スタンダードバトルパック Vol.13,,
OP12-028,光月日和,R,CHARACTER,緑,コスト,1,-,1000,知,ワノ国/光月家,3,【起動メイン】自分のドン‼1枚とこのキャラをレストにできる：自分のリーダーが「ロロノア・ゾロ」の場合、自分のデッキの上から5枚を見て、属性(斬)を持つカードか緑のイベント1枚までを公開し、手札に加える。その後、残りを好きな順番でデッキの下に置く。,,スタンダードバトル 2025年9月~11月優勝記念品,,
OP12-031,たしぎ,R,CHARACTER,緑,コスト,5,7000,-,斬,東の海/海軍,3,【登場時】相手の元々のコスト6以下のキャラ1枚までを、レストにする。その後、自分のリーダーの「ロロノア・ゾロ」にレストのドン‼3枚までを、付与する。,,フラッグシップバトル2025 10月ベスト8記念品,,
OP12-036,ロロノア・ゾロ,C,CHARACTER,緑,コスト,4,5000,1000,斬,超新星/麦わらの一味,3,手札のこのカードは、効果で登場できない。自分のリーダーが属性(斬)を持つ場合、このキャラは属性(斬)を持つカードとのバトルでKOされず、パワー+1000。,,プロモーションパックVol.8,,
OP12-062,ヴィンスモーク・ソラ,R,CHARACTER,紫,コスト,1,-,2000,知,ジェルマ王国/ヴィンスモーク家,3,【登場時】自分のリーダーが「サンジ」で、自分の場のドン‼が相手の場のドン‼の枚数以下の場合、ドン‼デッキからドン‼1枚までを、レストで追加する。その後、カード1枚を引く。,,スタンダードバトルパック Vol.13,,
OP12-071,シャーロット・プリン,R,CHARACTER,紫,コスト,1,2000,1000,知,ビッグ・マム海賊団,3,【登場時】自分のデッキの上から4枚を見て、「サンジ」かイベント1枚までを公開し、手札に加える。その後、残りを好きな順番でデッキの下に置く。,,プロモーションパックEX Vol.3,,
OP12-089,ハック,R,CHARACTER,黒,コスト,4,5000,1000,打,魚人族/ドレスローザ/革命軍,3,自分のリーダーが特徴《革命軍》を持つ場合、このキャラは【ブロッカー】を得て、コスト+4。【KO時】自分のリーダーが特徴《革命軍》を持つ場合、相手の元々のコスト4以下のキャラ1枚までを、KOする。,,プロモーションパックEX Vol.3,,
OP12-093,モーリー,UC,CHARACTER,黒,コスト,4,5000,2000,特,巨人族/革命軍,3,自分のリーダーが特徴《革命軍》を持つ場合、このキャラのコスト+4。,,スタンダードバトルパック Vol.13,,
OP12-106,トラファルガー・ロー,UC,CHARACTER,黄,コスト,6,7000,1000,斬,ドレスローザ/超新星/ハートの海賊団,3,【ブロッカー】(相手のアタックの後、このカードをレストにし、アタックの対象をこのカードにできる),,『ONE PIECE学園 10巻』付録,,
OP12-112,ベビー５,R,CHARACTER,黄,コスト,4,5000,2000,特,ドンキホーテ海賊団,3,-,【トリガー】自分のリーダーが多色の場合、カード2枚を引く。,スタンダードバトルパック Vol.13,,
OP13-119,ポートガス・Ｄ・エース,SEC,CHARACTER,青,コスト,6,7000,-,特,白ひげ海賊団,4,自分のライフが3枚以下の場合、このキャラは【速攻】を得る。【登場時】自分のリーダーにレストのドン‼1枚までを、付与する。その後、相手のコスト5以下のキャラ1枚までを、持ち主の手札に戻してもよい。そうした場合、相手は自身の手札からコスト4以下のキャラカード1枚までを、登場させる。,,チャンピオンシップ25-26Season 2 決勝トーナメント上位記念品,,
OP13-120,サボ,SEC,CHARACTER,黒,コスト,6,7000,-,特,ドレスローザ/革命軍,4,【ブロッカー】【起動メイン】【ターン1回】自分のキャラ1枚までを、次の相手のターン終了時まで、コスト+2。その後、自分のリーダーにレストのドン‼1枚までを、付与する。,,チャンピオンシップ25-26Season 2 エリア決勝大会権利獲得記念品,,
P-001,モンキー・D・ルフィ,P,CHARACTER,赤,コスト,6,7000,-,打,超新星/麦わらの一味,1,【ドン!!×2】このキャラは【速攻】を得る。(このカードは登場したターンにアタックできる),,ONE PIECEカードゲーム プロモーションパック2022,,
P-001,モンキー・D・ルフィ,P,CHARACTER,赤,コスト,6,7000,-,打,超新星/麦わらの一味,1,【ドン!!×2】このキャラは【速攻】を得る。(このカードは登場したターンにアタックできる),,チャンピオンシップセット2022,,
P-001,モンキー・D・ルフィ,P,CHARACTER,赤,コスト,6,7000,-,打,超新星/麦わらの一味,1,【ドン!!×2】このキャラは【速攻】を得る。(このカードは登場したターンにアタックできる),,セブンイレブンタイアップキャンペーン オリジナルカード,,
P-001,モンキー・D・ルフィ,P,CHARACTER,赤,コスト,6,7000,-,打,超新星/麦わらの一味,1,【ドン‼×2】このキャラは【速攻】を得る。(このカードは登場したターンにアタックできる),,プロモーションカードセット,,
P-002,冒険のにおいがするっ!!!,P,EVENT,赤,コスト,1,-,-,-,麦わらの一味,1,【メイン】自分の手札すべてをデッキに戻し、デッキをシャッフルする。その後、デッキに戻した枚数分カードを引く。,【トリガー】このカードの【メイン】効果を発動する。,ONE PIECEカードゲーム プロモーションパック2022,,
P-003,ユースタス・キッド,P,CHARACTER,緑,コスト,3,4000,1000,特,超新星/キッド海賊団,1,【ドン!!×2】このキャラは【ダブルアタック】を得る。(このカードが与えるダメージは2になる),,ONE PIECEカードゲーム プロモーションパック2022,,
P-003,ユースタス・キッド,P,CHARACTER,緑,コスト,3,4000,1000,特,超新星/キッド海賊団,1,【ドン!!×2】このキャラは【ダブルアタック】を得る。(このカードが与えるダメージは2になる),,チャンピオンシップセット2022,,
P-003,ユースタス・キッド,P,CHARACTER,緑,コスト,3,4000,1000,特,超新星/キッド海賊団,1,【ドン!!×2】このキャラは【ダブルアタック】を得る。(このカードが与えるダメージは2になる),,セブンイレブンタイアップキャンペーン オリジナルカード,,
P-004,クロコダイル,P,CHARACTER,青,コスト,4,5000,1000,特,王下七武海/B・W,1,【ドン!!×1】このキャラは【ブロッカー】を得る。(相手のアタックの後、このカードをレストにし、アタックの対象をこのカードにできる),,ONE PIECEカードゲーム プロモーションパック2022,,
P-005,カイドウ,P,CHARACTER,紫,コスト,7,8000,-,打,四皇/百獣海賊団,1,【起動メイン】ドン!!-2(自分の場のドン!!を指定の数ドン!!デッキに戻すことができる)：このキャラは、このターン中、【バニッシュ】を得る。(このカードがダメージを与えた場合、トリガーは発動せずそのカードはトラッシュに置かれる),,ONE PIECEカードゲーム プロモーションパック2022,,
P-006,モンキー・D・ルフィ,P,CHARACTER,赤,コスト,3,3000,2000,打,超新星/麦わらの一味,1,【ドン‼×2】【自分のターン中】このキャラはパワー+2000。,,Vジャンプ9月特大号付録（2022年7月21日売）,,
P-007,モンキー・D・ルフィ,P,CHARACTER,赤,コスト,4,5000,1000,打,超新星/麦わらの一味,1,【ドン‼×1】このキャラは属性(打)を持つリーダーとキャラとのバトルでKOされない。,,最強ジャンプ9月号付録（2022年8月4日売）,,
P-008,ヤマト,P,CHARACTER,緑,コスト,3,5000,-,打,ワノ国,1,【起動メイン】このキャラをレストにできる：相手のコスト2以下のキャラ1枚までを、レストにする。,,最強ジャンプ9月号付録（2022年8月4日売）,,
P-009,トラファルガー・ロー,P,CHARACTER,青,コスト,6,7000,-,斬,超新星/ハートの海賊団,1,【登場時】相手の手札が6枚以上ある場合、相手は自身のライフ1枚を手札に加える。,,最強ジャンプ9月号付録（2022年8月4日売）,,
P-010,カイドウ,P,CHARACTER,紫,コスト,8,9000,-,特,四皇/百獣海賊団,1,【自分のターン終了時】ドン‼デッキからドン‼1枚までをアクティブで追加する。,,最強ジャンプ9月号付録（2022年8月4日売）,,
P-011,ウタ,L,LEADER,赤,ライフ,5,5000,-,特,FILM,1,【起動メイン】【ターン1回】①(コストエリアのドン‼を指定の数レストにできる)：自分の元々の効果がないキャラ1枚までを、このターン中、パワー+2000。,,『ONE PIECE FILM RED』第2弾入場者プレゼント チュートリアルデッキ,,
P-012,クラゲ海賊団,P,CHARACTER,赤,コスト,3,5000,1000,特,FILM/クラゲ海賊団,1,-,,『ONE PIECE FILM RED』第2弾入場者プレゼント チュートリアルデッキ,,
P-013,ゴードン,P,CHARACTER,赤,コスト,1,2000,-,知,FILM,1,【起動メイン】このキャラを持ち主のデッキの下に置くことができる：相手のキャラ1枚までを、このターン中、パワー-3000。,,『ONE PIECE FILM RED』第2弾入場者プレゼント チュートリアルデッキ,,
P-014,コビー,P,CHARACTER,赤,コスト,3,3000,-,打,FILM/海軍,1,【ブロッカー】(相手のアタックの後、このカードをレストにし、アタックの対象をこのカードにできる),【トリガー】このカードを登場させる。,『ONE PIECE FILM RED』第2弾入場者プレゼント チュートリアルデッキ,,
P-015,サニーくん,P,CHARACTER,赤,コスト,1,3000,1000,知,FILM/麦わらの一味,1,-,,『ONE PIECE FILM RED』第2弾入場者プレゼント チュートリアルデッキ,,
P-016,シャンクス,P,CHARACTER,赤,コスト,8,10000,1000,斬,FILM/四皇/赤髪海賊団,1,-,,『ONE PIECE FILM RED』第2弾入場者プレゼント チュートリアルデッキ,,
P-016,シャンクス,P,CHARACTER,赤,コスト,8,10000,1000,斬,FILM/四皇/赤髪海賊団,1,-,,『ONE PIECE FILM RED』入場者プレゼント フィナーレセット,,
P-017,トラファルガー・ロー,P,CHARACTER,赤,コスト,4,5000,1000,斬,FILM/超新星/ハートの海賊団,1,【登場時】相手のキャラ1枚までを、このターン中、パワー-2000。,,『ONE PIECE FILM RED』第2弾入場者プレゼント チュートリアルデッキ,,
P-017,トラファルガー・ロー,P,CHARACTER,赤,コスト,4,5000,1000,斬,FILM/超新星/ハートの海賊団,1,【登場時】相手のキャラ1枚までを、このターン中、パワー-2000。,,スタンダードバトルパックVol.7,,
P-017,トラファルガー・ロー,P,CHARACTER,赤,コスト,4,5000,1000,斬,FILM/超新星/ハートの海賊団,1,【登場時】相手のキャラ1枚までを、このターン中、パワー-2000。,,スタンダードバトル 2024年3月優勝記念品,,
P-018,バルトロメオ,P,CHARACTER,赤,コスト,2,3000,-,打,FILM/超新星/バルトクラブ,1,【ブロッカー】(相手のアタックの後、このカードをレストにし、アタックの対象をこのカードにできる),,『ONE PIECE FILM RED』第2弾入場者プレゼント チュートリアルデッキ,,
P-019,ベポ,P,CHARACTER,赤,コスト,3,2000,2000,打,FILM/ミンク族/ハートの海賊団,1,【ドン‼×1】【アタック時】相手のパワー3000以下のキャラ1枚までを、KOする。,,『ONE PIECE FILM RED』第2弾入場者プレゼント チュートリアルデッキ,,
P-019,ベポ,P,CHARACTER,赤,コスト,3,2000,2000,打,FILM/ミンク族/ハートの海賊団,1,【ドン‼×1】【アタック時】相手のパワー3000以下のキャラ1枚までを、KOする。,,スタンダードバトルパックVol.7,,
P-020,ヘルメッポ,P,CHARACTER,赤,コスト,1,2000,1000,斬,FILM/海軍,1,【登場時】自分のリーダーかキャラ1枚までを、このターン中、パワー+1000。,,『ONE PIECE FILM RED』第2弾入場者プレゼント チュートリアルデッキ,,
P-021,ベン・ベックマン,P,CHARACTER,赤,コスト,7,9000,1000,射,FILM/赤髪海賊団,1,-,,『ONE PIECE FILM RED』第2弾入場者プレゼント チュートリアルデッキ,,
P-022,モンキー・D・ルフィ,P,CHARACTER,赤,コスト,4,6000,1000,打,FILM/超新星/麦わらの一味,1,-,,『ONE PIECE FILM RED』第2弾入場者プレゼント チュートリアルデッキ,,
P-022,モンキー・D・ルフィ,P,CHARACTER,赤,コスト,4,6000,1000,打,FILM/超新星/麦わらの一味,1,-,,『ONE PIECE FILM RED』入場者プレゼント フィナーレセット,,
P-023,ヤソップ,P,CHARACTER,赤,コスト,6,8000,1000,射,FILM/赤髪海賊団,1,-,,『ONE PIECE FILM RED』第2弾入場者プレゼント チュートリアルデッキ,,
P-024,海賊王に!!!おれはなるっ!!!!,P,EVENT,緑,コスト,2,-,-,-,超新星/麦わらの一味,1,【メイン】自分のリーダーは、このターン中、自分のキャラ1枚につきパワー+1000。,【トリガー】自分のリーダーかキャラ1枚までを、このターン中、パワー+1000。,交流会 9月開催記念品,,
P-025,スモーカー,P,CHARACTER,黒,コスト,3,5000,-,特,海軍,1,【ドン‼×1】このキャラは属性(特)を持たないキャラとのバトルでKOされない。,,Vジャンプ12月特大号付録（2022年10月21日売）,,
P-026,モーガン,P,CHARACTER,黒,コスト,4,5000,1000,斬,海軍,1,【アタック時】相手のキャラ1枚までを、このターン中、コスト-3。,,交流会12月開催記念品,,
P-027,フランキー将軍,P,CHARACTER,赤,コスト,2,4000,-,射,麦わらの一味,1,ルール上、このカードはカード名を「フランキー」としても扱う。【相手のターン中】自分の元々のパワー3000以下のキャラすべてを、パワー+1000。,,最強ジャンプ12月号付録（2022年11月2日売）,,
P-028,ポートガス・D・エース,P,CHARACTER,赤,コスト,5,6000,-,特,白ひげ海賊団,1,【ダブルアタック】(このカードが与えるダメージは2になる),,ONE PIECEカードゲーム プロモーションパック2022 Vol.2,,
P-028,ポートガス・D・エース,P,CHARACTER,赤,コスト,5,6000,-,特,白ひげ海賊団,1,【ダブルアタック】(このカードが与えるダメージは2になる),,ワンピース・マガジン Vol.16付録（2023年3月2日売）,,
P-028,ポートガス・D・エース,P,CHARACTER,赤,コスト,5,6000,-,特,白ひげ海賊団,1,【ダブルアタック】(このカードが与えるダメージは2になる),,プロモーションカードセット,,
P-029,バルトロメオ,P,CHARACTER,緑,コスト,2,3000,1000,特,FILM/超新星/バルトクラブ,1,【自分のターン終了時】このキャラをレストにできる：自分の「バルトロメオ」以外の特徴《FILM》を持つキャラ1枚までを、アクティブにする。,,ONE PIECEカードゲーム プロモーションパック2022 Vol.2,,
P-030,ジンベエ,P,CHARACTER,青,コスト,4,5000,1000,打,魚人族/王下七武海/タイヨウの海賊団,1,【KO時】コスト3以下のキャラ1枚までを、持ち主のデッキの下に置く。,,ONE PIECEカードゲーム プロモーションパック2022 Vol.2,,
P-031,ウタ,P,CHARACTER,紫,コスト,5,6000,-,特,FILM,1,【登場時】ドン‼デッキからドン‼1枚までを、レストで追加する。,,ONE PIECEカードゲーム プロモーションパック2022 Vol.2,,
P-032,センゴク,P,CHARACTER,黒,コスト,5,6000,-,知,海軍,1,【ドン‼×1】【自分のターン中】相手のキャラすべてを、コスト-2。,,ONE PIECEカードゲーム プロモーションパック2022 Vol.2,,
P-033,モンキー・D・ルフィ,P,CHARACTER,青,コスト,4,5000,1000,打,麦わらの一味,1,【起動メイン】このキャラを持ち主のデッキの下に置くことができる：カード1枚を引く。,,週刊少年ジャンプ付録（2023年1月7日売）,,
P-034,サンジ,P,CHARACTER,黄,コスト,3,4000,1000,打,ヴィンスモーク家,1,【ドン!!×1】【自分のターン中】自分のライフが2枚以下の場合、このキャラはパワー+2000。,,Vジャンプ3月特大号付録（2023年1月20日売）,,
P-035,モンキー・D・ルフィ,P,CHARACTER,黒,コスト,6,6000,-,打,麦わらの一味,1,【ドン!!×1】【アタック時】自分の手札1枚を捨てることができる：相手のコスト0のキャラ1枚までを、KOする。,,交流会3月開催記念品,,
P-036,モンキー・D・ルフィ,P,CHARACTER,黄,コスト,3,4000,1000,打,ワノ国/麦わらの一味,1,【アタック時】自分のライフの上か下から1枚を手札に加えることができる：このキャラと自分のリーダー1枚までを、このターン中、パワー+1000。,,最強ジャンプ3月号付録（2023年2月3日売）,,
P-037,モンキー・D・ルフィ,P,CHARACTER,緑,コスト,2,4000,-,打,麦わらの一味,1,【アタック時】自分のレストのキャラが2枚以上いる場合、このキャラは、このターン中、パワー+1000。,,最強ジャンプ6月号付録（2023年5月2日売）,,
P-038,トラファルガー・ロー,P,CHARACTER,黒,コスト,4,5000,1000,斬,ハートの海賊団/ドレスローザ,1,【登場時】自分のリーダー1枚をレストにできる：相手のコスト1以下のキャラ1枚までを、KOする。,,Vジャンプ7月特大号付録（2023年5月19日売）,,
P-039,ベラミー,P,CHARACTER,黄,コスト,5,6000,-,打,ベラミー海賊団,1,【バニッシュ】(このカードがダメージを与えた場合、トリガーは発動せずそのカードはトラッシュに置かれる)【ドン!!×2】自分のライフが0枚の場合、このキャラはパワー+2000。,,交流会6月開催記念品,,
P-040,カイドウ,P,CHARACTER,紫,コスト,8,10000,-,打,四皇/百獣海賊団,2,相手の場にドン!!が10枚ある場合、このキャラはKOされない。,,「ONE PIECE CARD GAME 1st ANNIVERSARY COMPLETE GUIDE」限定特典カード,,
P-041,モンキー・D・ルフィ,P,CHARACTER,紫,コスト,10,12000,1000,打,四皇/麦わらの一味,2,-,,ONE PIECE DAY’23来場者特典,,
P-041,モンキー・D・ルフィ,P,CHARACTER,紫,コスト,10,12000,1000,打,四皇/麦わらの一味,2,-,,「ONE PIECE CARD GAME 1st ANNIVERSARY COMPLETE GUIDE」限定特典カード,,
P-041,モンキー・D・ルフィ,P,CHARACTER,紫,コスト,10,12000,1000,打,四皇/麦わらの一味,2,-,,セブンイレブンタイアップキャンペーン オリジナルカード,,
P-041,モンキー・D・ルフィ,P,CHARACTER,紫,コスト,10,12000,1000,打,四皇/麦わらの一味,2,-,,BANDAI CARD GAMES Fest23-24 World Tour TOUR FINAL in JAPAN 来場記念品,,
P-042,ロロノア・ゾロ,P,CHARACTER,黄,コスト,4,5000,1000,斬,麦わらの一味,2,-,【トリガー】相手のコスト4以下のキャラ1枚までを、KOする。,最強ジャンプ9月号付録（2023年8月4日売）,,
P-043,モンキー・D・ルフィ,P,CHARACTER,青,コスト,7,7000,1000,打,麦わらの一味,2,【登場時】コスト3以下のキャラ1枚までを、持ち主の手札に戻す。,,週刊少年ジャンプ付録（2023年8月7日売）,,
P-044,サボ,P,CHARACTER,赤,コスト,3,4000,1000,特,革命軍,2,【ドン!!×1】自分の手札が4枚以下の場合、このキャラはパワー+2000。,,Vジャンプ10月特大号付録（2023年8月21日売）,,
P-045,ロロノア・ゾロ,P,CHARACTER,紫,コスト,6,7000,1000,斬,麦わらの一味,2,【バニッシュ】(このカードがダメージを与えた場合、トリガーは発動せずそのカードはトラッシュに置かれる),,交流会 2023年9月開催記念品,,
P-046,ヤマト,P,CHARACTER,紫,コスト,1,2000,1000,打,ワノ国,2,【登場時】自分の手札すべてを好きな順番でデッキの下に置いてもよい。そうした場合、置いた枚数分カードを引く。,,ONE PIECE magazine Vol.17付録（2023年9月4日売）,,
P-047,モンキー・D・ルフィ,P,LEADER,青,ライフ,5,5000,-,打,麦わらの一味,2,【ドン!!×1】【アタック時】自分の手札が3枚以下の場合、カード1枚を引く。,,ONE PIECEカードゲーム プロモーションパックVol.4,,
P-048,アーロン,P,CHARACTER,青,コスト,3,4000,1000,斬,魚人族/アーロン一味,2,【ドン!!×1】【アタック時】自分のライフが4枚以上の場合、相手は自身の手札1枚をデッキの下に置く。,,ONE PIECEカードゲーム プロモーションパックVol.4,,
P-049,ウソップ,P,CHARACTER,青,コスト,2,3000,1000,射,麦わらの一味,2,【登場時】自分のデッキの上から5枚を見て、好きな順番に並び替え、デッキの上か下に置く。,,ONE PIECEカードゲーム プロモーションパックVol.4,,
P-050,サンジ,P,CHARACTER,青,コスト,3,2000,1000,打,麦わらの一味,2,【ブロッカー】(相手のアタックの後、このカードをレストにし、アタックの対象をこのカードにできる)【ドン!!×1】【自分のターン中】自分の手札が3枚以下の場合、このキャラはパワー+4000。,,ONE PIECEカードゲーム プロモーションパックVol.4,,
P-051,シャンクス,P,CHARACTER,青,コスト,7,9000,-,斬,赤髪海賊団,2,【アタック時】自分の手札を任意の枚数捨ててもよい。捨てたカード1枚につき、このキャラは、このバトル中、パワー+1000。,,ONE PIECEカードゲーム プロモーションパックVol.4,,
P-052,ジュラキュール・ミホーク,P,CHARACTER,青,コスト,6,7000,1000,斬,王下七武海,2,【ドン!!×1】このキャラは属性(斬)を持つカードとのバトルでKOされない。,,ONE PIECEカードゲーム プロモーションパックVol.4,,
P-053,ナミ,P,CHARACTER,青,コスト,1,1000,2000,知,麦わらの一味,2,【登場時】自分の手札が3枚以下の場合、相手のコスト3以下のキャラ1枚までを、持ち主の手札に戻す。,,ONE PIECEカードゲーム プロモーションパックVol.4,,
P-054,モンキー・D・ガープ,P,CHARACTER,青,コスト,6,7000,1000,打,海軍,2,【ドン!!×1】このキャラは属性(打)を持つカードとのバトルでKOされない。,,ONE PIECEカードゲーム プロモーションパックVol.4,,
P-055,モンキー・D・ルフィ,P,CHARACTER,青,コスト,4,5000,1000,打,麦わらの一味,2,【登場時】自分の手札2枚を捨てることができる：相手は自身のキャラ1枚を、持ち主のデッキの下に置く。,,ONE PIECEカードゲーム プロモーションパックVol.4,,
P-056,ロロノア・ゾロ,P,CHARACTER,青,コスト,4,6000,-,斬,麦わらの一味,2,【登場時】➁(コストエリアのドン!!を指定の数レストにできる)：コスト5以下のキャラ1枚までを、持ち主の手札に戻す。,,ONE PIECEカードゲーム プロモーションパックVol.4,,
P-057,ウタカタララバイ,P,EVENT,緑,コスト,3,-,-,-,音楽/FILM,2,【メイン】自分のリーダーが「ウタ」の場合、相手のレストのコスト4以下のキャラ2枚までは、次の相手のリフレッシュフェイズでアクティブにならない。,【トリガー】このカードの【メイン】効果を発動する。,『ONE PIECE FILM RED』入場者プレゼント アンコールパック,,
P-058,風のゆくえ,P,EVENT,緑,コスト,2,-,-,-,音楽/FILM,2,【メイン】自分のリーダーが「ウタ」の場合、このターン終了時、自分の特徴《FILM》を持つキャラすべてを、アクティブにする。,【トリガー】自分の特徴《FILM》を持つキャラすべてを、アクティブにする。,『ONE PIECE FILM RED』入場者プレゼント アンコールパック,,
P-059,世界のつづき,P,EVENT,緑,コスト,2,-,-,-,音楽/FILM,2,【カウンター】自分のリーダーが「ウタ」の場合、自分の場のキャラを任意の枚数手札に戻してもよい。自分のリーダーかキャラ1枚までは、このバトル中、戻したキャラ1枚につきパワー+2000。,,『ONE PIECE FILM RED』入場者プレゼント アンコールパック,,
P-060,Tot Musica,P,EVENT,緑,コスト,2,-,-,-,音楽/FILM,2,【メイン】自分の「ウタ」1枚をレストにできる：相手のドン!!2枚までを、レストにする。,,『ONE PIECE FILM RED』入場者プレゼント アンコールパック,,
P-061,モンキー・D・ルフィ,P,CHARACTER,緑,コスト,8,10000,1000,打,FILM/麦わらの一味,2,-,,『ONE PIECE FILM RED』入場者プレゼント アンコールパック,,
P-062,ホーディ＆ヒョウゾウ,P,CHARACTER,緑,コスト,4,6000,-,斬/打,魚人族/人魚族/新魚人海賊団,2,【起動メイン】【ターン1回】相手のコスト4以下のキャラ1枚までを、レストにし、このキャラは、このターン中、パワー＋1000。その後、自分のライフの上から1枚を手札に加える。,,交流会 2023年12月開催記念品,,
P-063,ジンベエ,P,CHARACTER,緑,コスト,4,5000,2000,打,魚人族,2,【登場時】相手のコスト1以下のキャラ1枚までを、レストにする。,,Vジャンプ1月特大号付録（2023年11月21日売）,,
P-064,光月モモの助,P,CHARACTER,黄,コスト,6,8000,1000,特,ワノ国/光月家,2,-,,最強ジャンプ1月号付録（2023年12月4日売）,,
P-065,トニートニー・チョッパー,P,CHARACTER,黒,コスト,3,4000,1000,知,動物/麦わらの一味,2,【アタック時】相手のコスト0のキャラがいる場合、このキャラは、次の自分のターン開始時まで、パワー+2000。,,勉タメジャンプ2024 WINTER付録（2023年12月8日売）,,
P-066,ボア・ハンコック,P,CHARACTER,青,コスト,4,5000,1000,特,王下七武海/九蛇海賊団,2,【自分のターン中】自分の手札が5枚以下の場合、自分の特徴《九蛇海賊団》を持つキャラすべては、パワー+1000。,,最強ジャンプ4月号付録（2024年3月4日売）,,
P-066,ボア・ハンコック,P,CHARACTER,青,コスト,4,5000,1000,特,王下七武海/九蛇海賊団,2,【自分のターン中】自分の手札が5枚以下の場合、自分の特徴《九蛇海賊団》を持つキャラすべては、パワー+1000。,,プロモーションパックEX Vol.2,,
P-067,ユースタス・キッド,P,CHARACTER,緑,コスト,5,6000,-,特,超新星/キッド海賊団,2,このキャラがレストの場合、相手はキャラの「ユースタス・キッド」以外にアタックできない。,,Vジャンプ4月特大号付録（2024年2月21日売）,,
P-068,サンジ,P,CHARACTER,青,コスト,3,4000,2000,打,ジェルマ王国/ヴィンスモーク家,2,【起動メイン】このキャラをトラッシュに置くことができる：自分のデッキの上から5枚を見て、好きな順番に並び替え、デッキの上か下に置く。,,交流会 2024年3月開催記念品,,
P-069,コアラ,P,CHARACTER,赤,コスト,1,1000,1000,打,革命軍,2,【起動メイン】【ターン1回】自分のリーダーかキャラ1枚にレストのドン!!1枚までを、付与する。,,交流会 2024年5月開催記念品,,
P-069,コアラ,P,CHARACTER,赤,コスト,1,1000,1000,打,革命軍,2,【起動メイン】【ターン1回】自分のリーダーかキャラ1枚にレストのドン!!1枚までを、付与する。,,ONE PIECEカードゲーム プロモーションパックVol.7,,
P-070,キャロット,P,CHARACTER,緑,コスト,2,2000,1000,特,ミンク族,2,【ブロッカー】(相手のアタックの後、このカードをレストにし、アタックの対象をこのカードにできる),,Vジャンプ7月特大号付録（2024年5月21日売）,,
P-071,マルコ,P,CHARACTER,青,コスト,4,6000,-,特,白ひげ海賊団,3,【KO時】このキャラカードを手札に加えることができる。,,最強ジャンプ8月号付録（2024年7月4日売）,,
P-072,リューマ,P,CHARACTER,緑,コスト,4,6000,-,斬,MONSTERS,3,【登場時】/【KO時】相手のコスト4以下のキャラ1枚までを、レストにする。,,『MONSTERS 一百三情飛龍侍極』セットBOX特典,,
P-073,サボ,P,CHARACTER,黄,コスト,5,5000,2000,特,ドレスローザ/革命軍,2,【起動メイン】【ターン1回】自分のライフの上か下から1枚を手札に加えることができる：このキャラは、このターン中、パワー+1000。,,最強ジャンプ5月号応募者全員サービス（2024年4月4日売）,,
P-074,ポートガス・D・エース,P,CHARACTER,青,コスト,3,4000,1000,特,白ひげ海賊団,2,【起動メイン】このキャラを持ち主の手札に戻すことができる：自分のデッキの上から5枚を見て、好きな順番に並び替え、デッキの上か下に置く。,,最強ジャンプ5月号応募者全員サービス（2024年4月4日売）,,
P-075,モンキー・D・ルフィ,P,CHARACTER,黒,コスト,7,7000,-,打,超新星/麦わらの一味,2,【登場時】自分のリーダーかキャラ1枚にレストのドン!!1枚までを、付与する。【アタック時】自分の場にコスト8以上のキャラがいる場合、カード1枚を引き、自分の手札1枚を捨てる。,,最強ジャンプ5月号応募者全員サービス（2024年4月4日売）,,
P-076,サカズキ,P,LEADER,青/黒,ライフ,4,5000,-,特,海軍,2,【起動メイン】【ターン1回】自分の手札から特徴《海軍》を持つカード1枚を捨てることができる：相手のキャラ1枚までを、このターン中、コスト-1。,,交流会 2024年5月開催記念品,,
P-077,うるティ,P,CHARACTER,紫,コスト,6,6000,1000,打,百獣海賊団,3,【ターン1回】自分の場のドン‼が2枚以上ドン‼デッキに戻された時、ドン‼デッキからドン‼1枚までを、レストで追加する。その後、自分の紫のステージ1枚までをアクティブにする。,,交流会 2024年7月開催記念品,,
P-078,アディオ,P,CHARACTER,緑,コスト,4,5000,2000,射,ODYSSEY,3,自分のレストの特徴《ODYSSEY》を持つキャラが2枚以上いる場合、このキャラのパワー+1000。,,ONE PIECE ODYSSEYデラックスエディション,,
P-078,アディオ,P,CHARACTER,緑,コスト,4,5000,2000,射,ODYSSEY,3,自分のレストの特徴《ODYSSEY》を持つキャラが2枚以上いる場合、このキャラのパワー+1000。,,交流会 2024年9月開催記念品,,
P-079,リム,P,CHARACTER,緑,コスト,2,-,1000,知,ODYSSEY,3,【ブロッカー】(相手のアタックの後、このカードをレストにし、アタックの対象をこのカードにできる)【自分のターン終了時】自分のレストの特徴《ODYSSEY》を持つキャラが2枚以上いる場合、このキャラをアクティブにする。,,ONE PIECE ODYSSEYデラックスエディション,,
P-079,リム,P,CHARACTER,緑,コスト,2,-,1000,知,ODYSSEY,3,【ブロッカー】(相手のアタックの後、このカードをレストにし、アタックの対象をこのカードにできる)【自分のターン終了時】自分のレストの特徴《ODYSSEY》を持つキャラが2枚以上いる場合、このキャラをアクティブにする。,,交流会 2024年9月開催記念品,,
P-080,モンキー・D・ルフィ,P,CHARACTER,赤,コスト,7,9000,1000,打,四皇/エッグヘッド/麦わらの一味,3,-,,BANDAI CARD GAMES Fest 24-25 World Tour 来場記念品,,
P-080,モンキー・D・ルフィ,P,CHARACTER,赤,コスト,7,9000,1000,打,四皇/エッグヘッド/麦わらの一味,3,-,,モスバーガータイアップキャンペーン オリジナルカード,,
P-081,ジュラキュール・ミホーク,P,CHARACTER,青,コスト,4,5000,1000,斬,クロスギルド,3,【起動メイン】このキャラを持ち主の手札に戻すことができる：自分の青の特徴《クロスギルド》を持つキャラが3枚以上いる場合、自分の手札からコスト5の特徴《クロスギルド》を持つキャラカード1枚までを、登場させる。,,Vジャンプ10月特大号付録（2024年8月21日売）,,
P-082,クロコダイル,P,CHARACTER,青,コスト,5,7000,-,特,クロスギルド/元B・W,3,【自分のターン中】【登場時】自分のリーダーが特徴《クロスギルド》か『B・W』を含む特徴を持つ場合、相手のパワー2000以下のキャラ1枚までを、持ち主のデッキの下に置く。,,最強ジャンプ10月号付録（2024年9月4日売）,,
P-083,シャンクス,P,CHARACTER,赤,コスト,6,7000,1000,斬,四皇/赤髪海賊団,3,【ドン!!×1】【アタック時】自分の手札からキャラカード1枚を捨てることができる：相手のキャラ1枚までを、このターン中、パワー-1000。その後、カード1枚を引く。,,週刊少年ジャンプ付録（2024年10月7日売）,,
P-084,バギー,P,CHARACTER,青,コスト,7,8000,-,斬,四皇/クロスギルド,3,このキャラはアタックできない。自分のリーダーが「バギー」の場合、コスト3と4のキャラすべては、アタックできない。【登場時】自分の手札からコスト6以下の特徴《クロスギルド》を持つキャラカード1枚までを、登場させる。,,週刊少年ジャンプ付録（2024年10月15日売）,,
P-085,ジュエリー・ボニー,P,CHARACTER,黄,コスト,5,6000,1000,特,超新星/ボニー海賊団,3,【登場時】自分のリーダーが特徴《超新星》を持ち、自分のライフの枚数が相手のライフの枚数以下の場合、相手のコスト4以下のキャラ1枚までを、持ち主のライフの上か下に表向きで加える。,,交流会 2024年11月開催記念品,,
P-086,トラファルガー・ロー,P,LEADER,赤/紫,ライフ,4,5000,-,斬,ハートの海賊団,3,"【起動メイン】【ターン1回】ドン!!-3,自分のパワー3000以上のキャラ1枚を、デッキの下に置くことができる：自分の手札からコスト4以下の特徴《ハートの海賊団》を持つキャラカード1枚までを、登場させる。",,交流会 2024年9月開催記念品,,
P-087,ニコ・ロビン,P,CHARACTER,紫,コスト,5,7000,1000,打,麦わらの一味,3,-,,交流会 2025年1月開催記念品,,
P-088,トラファルガー・ロー,P,CHARACTER,黄,コスト,4,5000,2000,斬,超新星/ハートの海賊団,3,-,【トリガー】自分のリーダーが特徴《超新星》を持ち、お互いのライフの合計枚数が5枚以下の場合、このカードを登場させる。,Vジャンプ1月特大号付録（2024年11月21日売）,,
P-089,トニートニー・チョッパー,P,CHARACTER,黄,コスト,5,7000,1000,打,動物/麦わらの一味,3,-,,最強ジャンプ2月特大号付録（2025年1月4日売）,,
P-090,シャーロット・スムージー,P,CHARACTER,紫,コスト,7,7000,1000,特,ビッグ・マム海賊団,3,【相手のターン中】【KO時】ドン‼-1：自分の手札から「シャーロット・スムージー」以外の相手の場のドン‼の枚数以下のコストを持ち、特徴《ビッグ・マム海賊団》を持つキャラカード1枚までを、登場させる。,,交流会 2025年3月開催記念品,,
P-091,しらほし,P,CHARACTER,緑,コスト,4,-,1000,知,人魚族/魚人島,3,【登場時】自分の手札からコスト5以下の特徴《海王類》か《魚人島》を持つキャラカード1枚までを、登場させる。【起動メイン】このキャラをレストにできる：自分の特徴《海王類》を持つキャラ1枚までは、登場したターンにキャラへアタックできる。,,Vジャンプ4月特大号付録（2025年2月20日売）,,
P-092,コビー,P,CHARACTER,赤,コスト,7,7000,1000,打,海軍/SWORD,3,【相手のターン中】このキャラのパワー-3000。【アタック時】自分のリーダーが特徴《海軍》を持つ場合、自分のリーダーを、次の相手のターン終了時まで、元々のパワー7000にする。,,最強ジャンプ4月特大号付録（2025年3月4日売）,,
P-093,トラファルガー・ロー,P,CHARACTER,紫,コスト,4,6000,-,斬,ハートの海賊団,3,【ブロッカー】【登場時】自分の場のドン‼が相手の場のドン‼の枚数以下の場合、ドン‼デッキからドン‼1枚までを、レストで追加する。,,交流会 2025年5月開催記念品,,
P-094,ロロノア・ゾロ,P,CHARACTER,緑,コスト,4,4000,2000,斬,麦わらの一味,3,【登場時】相手のレストのコスト2以下のキャラ1枚までを、KOする。,,Vジャンプ7月特大号付録（2025年5月21日売）,,
P-095,サンジ,P,CHARACTER,青,コスト,4,4000,2000,打,麦わらの一味,3,【相手のアタック時】【ターン1回】自分の手札からイベント1枚を捨てることができる：自分のリーダーかキャラ1枚までを、このバトル中、パワー+2000。,,最強ジャンプ7月号付録（2025年6月4日売）,,
P-096,少女,P,CHARACTER,青,コスト,2,-,1000,知,シャボンディ諸島,3,【登場時】カード1枚を引き、自分の手札1枚を捨てる。【起動メイン】【ターン1回】自分の「ナミ」1枚にレストのドン‼1枚までを、付与する。,,ONE PIECE magazine別冊 Focus on〝ONE PIECE FAN LETTER〟付録,,
P-097,シャンクス,P,CHARACTER,赤,コスト,10,12000,-,斬,四皇/赤髪海賊団,3,【登場時】/【アタック時】相手は、このターン中、【ブロッカー】を発動できない。,,交流会 2025年7月開催記念品,,
P-098,バギー,P,CHARACTER,青,コスト,10,12000,-,斬,四皇/クロスギルド,3,【ブロッカー】(相手のアタックの後、このカードをレストにし、アタックの対象をこのカードにできる)【登場時】自分のコスト5以上のキャラが5枚いない場合、このキャラを持ち主のデッキの下に置く。,,交流会 2025年7月開催記念品,,
P-099,モンキー・D・ルフィ,P,CHARACTER,紫,コスト,10,12000,-,打,四皇/麦わらの一味,3,【アタック時】ドン‼-10(自分の場のドン‼を指定の数ドン‼デッキに戻すことができる)：このキャラをアクティブにする。,,交流会 2025年7月開催記念品,,
P-100,マーシャル・D・ティーチ,P,CHARACTER,黒,コスト,10,12000,-,特,四皇/黒ひげ海賊団,3,【アタック時】相手のリーダーとキャラすべてを、このターン中、効果を無効にする。,,交流会 2025年7月開催記念品,,
P-101,トニートニー・チョッパー,P,CHARACTER,赤,コスト,4,5000,1000,打,動物/麦わらの一味,4,【ブロッカー】(相手のアタックの後、このカードをレストにし、アタックの対象をこのカードにできる)【登場時】自分のリーダーにレストのドン‼1枚までを、付与する。,,「プロモーションカードセット2025」ゲットキャンペーン,,
P-101,トニートニー・チョッパー,P,CHARACTER,赤,コスト,4,5000,1000,打,動物/麦わらの一味,4,【ブロッカー】(相手のアタックの後、このカードをレストにし、アタックの対象をこのカードにできる)【登場時】自分のリーダーにレストのドン‼1枚までを、付与する。,,スタンダードバトルパック Vol.14,,
P-102,ナミ,P,CHARACTER,緑,コスト,4,4000,2000,特,エッグヘッド/麦わらの一味,4,【登場時】自分のリーダーが特徴《麦わらの一味》を持つ場合、自分のドン‼2枚までを、アクティブにする。,,「プロモーションカードセット2025」ゲットキャンペーン,,
P-102,ナミ,P,CHARACTER,緑,コスト,4,4000,2000,特,エッグヘッド/麦わらの一味,4,【登場時】自分のリーダーが特徴《麦わらの一味》を持つ場合、自分のドン‼2枚までを、アクティブにする。,,スタンダードバトルパック Vol.14,,
P-103,ポートガス・D・エース,P,CHARACTER,青,コスト,4,6000,-,特,白ひげ海賊団,4,【登場時】カード2枚を引き、自分の手札2枚を好きな順番に並び替え、デッキの上か下に置く。その後、自分のリーダーにレストのドン‼1枚までを、付与する。,,「プロモーションカードセット2025」ゲットキャンペーン,,
P-103,ポートガス・D・エース,P,CHARACTER,青,コスト,4,6000,-,特,白ひげ海賊団,4,【登場時】カード2枚を引き、自分の手札2枚を好きな順番に並び替え、デッキの上か下に置く。その後、自分のリーダーにレストのドン‼1枚までを、付与する。,,スタンダードバトルパック Vol.14,,
P-104,シャンクス,P,CHARACTER,紫,コスト,8,10000,-,斬,四皇/赤髪海賊団/元ロジャー海賊団,4,自分か相手の場のドン‼が10枚ある場合、このキャラは相手の効果で場を離れない。,,「プロモーションカードセット2025」ゲットキャンペーン,,
P-104,シャンクス,P,CHARACTER,紫,コスト,8,10000,-,斬,四皇/赤髪海賊団/元ロジャー海賊団,4,自分か相手の場のドン‼が10枚ある場合、このキャラは相手の効果で場を離れない。,,スタンダードバトルパック Vol.14,,
P-105,サボ,P,CHARACTER,黒,コスト,4,6000,-,特,革命軍,4,自分のリーダーが特徴《革命軍》を持つ場合、このキャラは【ブロッカー】を得て、コスト+4。【登場時】自分のライフの上か下から1枚を手札に加えることができる：自分のリーダーかキャラ1枚にレストのドン‼1枚までを、付与する。,,「プロモーションカードセット2025」ゲットキャンペーン,,
P-105,サボ,P,CHARACTER,黒,コスト,4,6000,-,特,革命軍,4,自分のリーダーが特徴《革命軍》を持つ場合、このキャラは【ブロッカー】を得て、コスト+4。【登場時】自分のライフの上か下から1枚を手札に加えることができる：自分のリーダーかキャラ1枚にレストのドン‼1枚までを、付与する。,,スタンダードバトルパック Vol.14,,
P-106,モンキー・D・ルフィ,P,CHARACTER,黄,コスト,5,6000,1000,打,エッグヘッド/四皇/麦わらの一味,4,【自分のターン終了時】自分のライフの上から1枚を表向きにできる：自分の特徴《エッグヘッド》を持つキャラ1枚までを、アクティブにする。,【トリガー】カード1枚を引き、相手のコスト2以下のキャラ1枚までを、KOする。,「プロモーションカードセット2025」ゲットキャンペーン,,
P-106,モンキー・D・ルフィ,P,CHARACTER,黄,コスト,5,6000,1000,打,エッグヘッド/四皇/麦わらの一味,4,【自分のターン終了時】自分のライフの上から1枚を表向きにできる：自分の特徴《エッグヘッド》を持つキャラ1枚までを、アクティブにする。,【トリガー】カード1枚を引き、相手のコスト2以下のキャラ1枚までを、KOする。,スタンダードバトルパック Vol.14,,
P-106,モンキー・D・ルフィ,P,CHARACTER,黄,コスト,5,6000,1000,打,エッグヘッド/四皇/麦わらの一味,4,【自分のターン終了時】自分のライフの上から1枚を表向きにできる：自分の特徴《エッグヘッド》を持つキャラ1枚までを、アクティブにする。,【トリガー】カード1枚を引き、相手のコスト2以下のキャラ1枚までを、KOする。,スタンダードバトルパック Vol.14,,
P-107,ゴール・Ｄ・ロジャー,P,CHARACTER,紫,コスト,8,10000,-,斬,海賊王/ロジャー海賊団,4,【登場時】自分か相手の場のドン‼が10枚ある場合、自分のリーダーを、次の相手のエンドフェイズ終了時まで、パワー+2000。,,交流会 2025年9月開催記念品,,
P-108,モンキー・D・ルフィ,P,CHARACTER,緑,コスト,3,2000,1000,打,超新星/麦わらの一味,4,【ブロッカー】(相手のアタックの後、このカードをレストにし、アタックの対象をこのカードにできる)【KO時】自分のドン‼2枚までを、アクティブにする。,,Vジャンプ10月特大号付録（2025年8月21日売）,,
P-109,ポートガス・D・エース,P,CHARACTER,青,コスト,5,6000,1000,特,白ひげ海賊団,4,【ブロッカー】【登場時】自分のデッキの上から3枚を見て、好きな順番に並び替え、デッキの上か下に置く。その後、自分のリーダーかキャラ1枚にレストのドン‼1枚までを、付与する。,,最強ジャンプ10月号付録（2025年9月4日売）,,
P-111,ニコ・ロビン,P,CHARACTER,緑,コスト,3,4000,1000,打,麦わらの一味,4,【ターン1回】自分の特徴《麦わらの一味》を持つキャラが相手の効果で場を離れる場合、代わりに自分のドン‼1枚をレストにできる。,,交流会 2025年11月開催記念品,,
P-112,ナミ,P,CHARACTER,青,コスト,5,6000,1000,特,麦わらの一味,4,【登場時】自分のリーダーが「ナミ」の場合、自分のリーダーにレストのドン‼1枚までを、付与する。その後、自分の手札からコスト2以下のキャラカード1枚までを、登場させる。,,交流会 2025年11月開催記念品,,
P-113,ジュエリー・ボニー,P,CHARACTER,黄,コスト,4,4000,2000,特,ボニー海賊団,4,【ドン‼×2】【相手のターン中】このキャラは【ブロッカー】を得て、パワー+2000。,【トリガー】相手のコスト3以下のキャラ1枚までを、KOする。,交流会 2025年11月開催記念品,,
P-114,ロロノア・ゾロ,P,CHARACTER,緑,コスト,4,5000,1000,斬,超新星/麦わらの一味,4,【ブロッカー】(相手のアタックの後、このカードをレストにし、アタックの対象をこのカードにできる）【自分のターン終了時】自分のアクティブのドン‼がある場合、このキャラをアクティブにする。,,交流会 2025年11月開催記念品,,
P-115,ボア・ハンコック,P,CHARACTER,黄,コスト,6,7000,1000,特,王下七武海/九蛇海賊団,4,【登場時】自分のリーダーかキャラ1枚にレストのドン‼1枚までを、付与する。,【トリガー】自分の手札からパワー5000以下の黄の【トリガー】を持つキャラカード1枚までを、登場させる。,Vジャンプ2026年1月特大号（2025年11月20日売）,,
P-117,ナミ,P,LEADER,青,ライフ,5,5000,-,知,東の海,4,ルール上、自分は特徴《東の海》を持つカードしかデッキに入れることができず、自分のデッキが0枚になった場合、自分は敗北する代わりに勝利する。【ドン‼×1】このリーダーのアタックによって、相手のライフにダメージを与えた時、自分のデッキの上から1枚をトラッシュに置いてもよい。,,交流会(小学生以下限定含む),,
ST01-001,モンキー・D・ルフィ,L,LEADER,赤,ライフ,5,5000,-,打,超新星/麦わらの一味,1,【起動メイン】【ターン1回】このリーダーか自分のキャラ1枚にレストのドン!!1枚までを付与する。,,フラッグシップバトル2022 優勝記念品,,
ST01-002,ウソップ,C,CHARACTER,赤,コスト,2,2000,1000,射,麦わらの一味,1,【ドン!!×2】【アタック時】相手は、このバトル中、パワー5000以上のキャラの【ブロッカー】を発動できない。,【トリガー】このカードを登場させる。,『ONE PIECE FILM RED』入場者プレゼント フィナーレセット,,
ST01-004,サンジ,C,CHARACTER,赤,コスト,2,4000,-,打,麦わらの一味,1,【ドン!!×2】このキャラは【速攻】を得る。(このカードは登場したターンにアタックできる),,『ONE PIECE FILM RED』入場者プレゼント フィナーレセット,,
ST01-004,サンジ,C,CHARACTER,赤,コスト,2,4000,-,打,麦わらの一味,1,【ドン!!×2】このキャラは【速攻】を得る。(このカードは登場したターンにアタックできる),,ONE PIECEカードゲーム プロモーションパックVol.3,,
ST01-005,ジンベエ,C,CHARACTER,赤,コスト,3,5000,-,打,魚人族/麦わらの一味,1,【ドン‼×1】【アタック時】このキャラ以外の自分のリーダーかキャラ1枚までを、このターン中、パワー+1000。,,プロモーションカードセット,,
ST01-006,トニートニー・チョッパー,C,CHARACTER,赤,コスト,1,1000,-,打,動物/麦わらの一味,1,【ブロッカー】(相手のアタックの後、このカードをレストにし、アタックの対象をこのカードにできる),,『ONE PIECE FILM RED』入場者プレゼント フィナーレセット,,
ST01-006,トニートニー・チョッパー,C,CHARACTER,赤,コスト,1,1000,-,打,動物/麦わらの一味,1,【ブロッカー】(相手のアタックの後、このカードをレストにし、アタックの対象をこのカードにできる),,フラッグシップバトル2022 ベスト8記念品,,
ST01-006,トニートニー・チョッパー,C,CHARACTER,赤,コスト,1,1000,-,打,動物/麦わらの一味,1,【ブロッカー】(相手のアタックの後、このカードをレストにし、アタックの対象をこのカードにできる),,プロモーションカードセット,,
ST01-007,ナミ,C,CHARACTER,赤,コスト,1,1000,1000,特,麦わらの一味,1,【起動メイン】【ターン1回】自分のリーダーかキャラ1枚にレストのドン!!1枚までを付与する。,,スタンダードバトル 12月優勝記念品,,
ST01-007,ナミ,C,CHARACTER,赤,コスト,1,1000,1000,特,麦わらの一味,1,【起動メイン】【ターン1回】自分のリーダーかキャラ1枚にレストのドン!!1枚までを付与する。,,スタンダードバトルパック2022 Vol.2,,
ST01-007,ナミ,C,CHARACTER,赤,コスト,1,1000,1000,特,麦わらの一味,1,【起動メイン】【ターン1回】自分のリーダーかキャラ1枚にレストのドン!!1枚までを付与する。,,『ONE PIECE FILM RED』入場者プレゼント フィナーレセット,,
ST01-008,ニコ・ロビン,C,CHARACTER,赤,コスト,3,5000,1000,知,麦わらの一味,1,-,,プロモーションカードセット,,
ST01-009,ネフェルタリ・ビビ,C,CHARACTER,赤,コスト,2,4000,1000,斬,アラバスタ王国,1,-,,ジャンプGIGA 2023 WINTER付録（2022年12月26日売）,,
ST01-011,ブルック,C,CHARACTER,赤,コスト,2,3000,2000,斬,麦わらの一味,1,【登場時】自分のリーダーかキャラ1枚にレストのドン!!2枚までを付与する。,,『ONE PIECE FILM RED』入場者プレゼント フィナーレセット,,
ST01-011,ブルック,C,CHARACTER,赤,コスト,2,3000,2000,斬,麦わらの一味,1,【登場時】自分のリーダーかキャラ1枚にレストのドン!!2枚までを付与する。,,スタンダードバトルパック Vol.3,,
ST01-012,モンキー・D・ルフィ,SR,CHARACTER,赤,コスト,5,6000,-,打,超新星/麦わらの一味,1,【速攻】(このカードは登場したターンにアタックできる)【ドン!!×2】【アタック時】相手は、このバトル中、【ブロッカー】を発動できない。,,スタンダードバトル 2023年10月優勝記念品,,
ST01-012,モンキー・D・ルフィ,SR,CHARACTER,赤,コスト,5,6000,-,打,超新星/麦わらの一味,1,【速攻】(このカードは登場したターンにアタックできる)【ドン!!×2】【アタック時】相手は、このバトル中、【ブロッカー】を発動できない。,,スタンダードバトルパックVol.5,,
ST01-012,モンキー・D・ルフィ,SR,CHARACTER,赤,コスト,5,6000,-,打,超新星/麦わらの一味,1,【速攻】(このカードは登場したターンにアタックできる)【ドン‼×2】【アタック時】相手は、このバトル中、【ブロッカー】を発動できない。,,週刊少年ジャンプ19号応募者全員サービス（2025年4月7日売）,,
ST01-013,ロロノア・ゾロ,SR,CHARACTER,赤,コスト,3,5000,-,斬,超新星/麦わらの一味,1,【ドン!!×1】このキャラのパワー+1000。,,『ONE PIECE FILM RED』入場者プレゼント フィナーレセット,,
ST01-013,ロロノア・ゾロ,SR,CHARACTER,赤,コスト,3,5000,-,斬,超新星/麦わらの一味,1,【ドン‼×1】このキャラのパワー+1000。,,プロモーションカードセット,,
ST01-013,ロロノア・ゾロ,SR,CHARACTER,赤,コスト,3,5000,-,斬,超新星/麦わらの一味,1,【ドン!!×1】このキャラのパワー+1000。,,チャンピオンシップ2022 予選 ベスト16記念品,,
ST01-015,ゴムゴムのJET銃,C,EVENT,赤,コスト,4,-,-,-,超新星/麦わらの一味,1,【メイン】相手のパワー6000以下のキャラ1枚までを、KOする。,【トリガー】このカードの【メイン】効果を発動する。,スタンダードバトルパックVol.4,,
ST01-015,ゴムゴムのJET銃,C,EVENT,赤,コスト,4,-,-,-,超新星/麦わらの一味,1,【メイン】相手のパワー6000以下のキャラ1枚までを、KOする。,【トリガー】このカードの【メイン】効果を発動する。,スタンダードバトル 6月優勝記念品,,
ST02-007,ジュエリー・ボニー,C,CHARACTER,緑,コスト,1,1000,1000,特,超新星/ボニー海賊団,1,【起動メイン】①(コストエリアのドン!!を指定の数レストにできる)，このキャラをレストにできる：自分のデッキの上から5枚を見て、特徴《超新星》を持つカード1枚までを公開し、手札に加える。その後、残りを好きな順番でデッキの下に置く。,,スタンダードバトルパック2022 Vol.2,,
ST02-008,スクラッチメン・アプー,C,CHARACTER,緑,コスト,2,3000,2000,射,超新星/オンエア海賊団,1,【ドン!!×1】【アタック時】相手のドン!!1枚までを、レストにする。,,スタンダードバトルパックVol.4,,
ST02-010,バジル・ホーキンス,C,CHARACTER,緑,コスト,5,6000,-,斬,超新星/ホーキンス海賊団,1,【ドン!!×1】【ターン1回】【自分のターン中】このキャラが相手のキャラとバトルした場合、このキャラをアクティブにする。,,プロモーションパックEX Vol.1,,
ST02-013,ユースタス・キッド,SR,CHARACTER,緑,コスト,7,7000,-,特,超新星/キッド海賊団,1,【ブロッカー】(相手のアタックの後、このカードをレストにし、アタックの対象をこのカードにできる)【ドン!!×1】【自分のターン終了時】このキャラをアクティブにする。,,スタンダードバトルパックVol.5,,
ST03-003,クロコダイル,SR,CHARACTER,青,コスト,5,6000,-,特,王下七武海/B・W,1,【ブロッカー】(相手のアタックの後、このカードをレストにし、アタックの対象をこのカードにできる)【ドン!!×1】【ブロック時】コスト2以下のキャラ1枚までを、持ち主のデッキの下に置く。,,スタンダードバトルパックVol.5,,
ST03-004,ゲッコー・モリア,C,CHARACTER,青,コスト,4,5000,1000,特,王下七武海/スリラーバーク海賊団,1,【登場時】自分のトラッシュの「ゲッコー・モリア」以外のコスト4以下の特徴《王下七武海》か《スリラーバーク海賊団》を持つキャラカード1枚までを、手札に加える。,,ONE PIECEカードゲーム プロモーションパックVol.5,,
ST03-005,ジュラキュール・ミホーク,C,CHARACTER,青,コスト,4,5000,2000,斬,王下七武海,1,【ドン!!×1】【アタック時】カード2枚を引き、自分の手札2枚を捨てる。,,スタンダードバトルパック Vol.3,,
ST03-005,ジュラキュール・ミホーク,C,CHARACTER,青,コスト,4,5000,2000,斬,王下七武海,1,【ドン!!×1】【アタック時】カード2枚を引き、自分の手札2枚を捨てる。,,スタンダードバトル3月優勝記念品,,
ST03-007,戦桃丸,C,CHARACTER,青,コスト,3,4000,1000,斬,海軍,1,【ドン!!×1】【起動メイン】【ターン1回】②(コストエリアのドン!!を指定の数レストにできる)：自分のデッキからコスト4以下の「パシフィスタ」1枚までを、登場させ、デッキをシャッフルする。,,スタンダードバトルパック2022 Vol.2,,
ST03-008,トラファルガー・ロー,C,CHARACTER,青,コスト,1,1000,-,斬,王下七武海/ハートの海賊団,1,【ブロッカー】(相手のアタックの後、このカードをレストにし、アタックの対象をこのカードにできる),,チャンピオンシップセット2022,,
ST03-008,トラファルガー・ロー,C,CHARACTER,青,コスト,1,1000,-,斬,王下七武海/ハートの海賊団,1,【ブロッカー】(相手のアタックの後、このカードをレストにし、アタックの対象をこのカードにできる),,セブンイレブンタイアップキャンペーン オリジナルカード,,
ST03-008,トラファルガー・ロー,C,CHARACTER,青,コスト,1,1000,-,斬,王下七武海/ハートの海賊団,1,【ブロッカー】(相手のアタックの後、このカードをレストにし、アタックの対象をこのカードにできる),,プロモーションカードセット,,
ST03-008,トラファルガー・ロー,C,CHARACTER,青,コスト,1,1000,-,斬,王下七武海/ハートの海賊団,1,【ブロッカー】(相手のアタックの後、このカードをレストにし、アタックの対象をこのカードにできる),,プロモーションパックEX Vol.1,,
ST03-014,マーシャル・D・ティーチ,C,CHARACTER,青,コスト,4,4000,1000,特,王下七武海/黒ひげ海賊団,1,【登場時】コスト3以下のキャラ1枚までを、持ち主の手札に戻す。,,ONE PIECEカードゲーム プロモーションパックVol.3,,
ST04-003,カイドウ,SR,CHARACTER,紫,コスト,9,10000,-,打,四皇/百獣海賊団,1,【登場時】ドン!!-5(自分の場のドン!!を指定の数ドン!!デッキに戻すことができる)：相手のコスト6以下のキャラ1枚までを、KOし、このキャラは、このターン中、【速攻】を得る。(このカードは登場したターンにアタックできる),,スタンダードバトルパックVol.5,,
ST04-003,カイドウ,SR,CHARACTER,紫,コスト,9,10000,-,打,四皇/百獣海賊団,1,【登場時】ドン!!-5(自分の場のドン!!を指定の数ドン!!デッキに戻すことができる)：相手のコスト6以下のキャラ1枚までを、KOし、このキャラは、このターン中、【速攻】を得る。(このカードは登場したターンにアタックできる),,プロモーションパックEX Vol.2,,
ST04-005,クイーン,C,CHARACTER,紫,コスト,5,6000,1000,打,百獣海賊団,1,【ブロッカー】(相手のアタックの後、このカードをレストにし、アタックの対象をこのカードにできる)【登場時】ドン!!-1(自分の場のドン!!を指定の数ドン!!デッキに戻すことができる)：カード2枚を引き、自分の手札1枚を捨てる。,,フラッグシップバトル2023 4月ベスト8記念品,,
ST04-008,ジャック,C,CHARACTER,紫,コスト,3,4000,1000,打,百獣海賊団,1,【登場時】自分の手札1枚を捨てることができる：ドン!!デッキからドン!!1枚までをアクティブで追加する。,,ONE PIECEカードゲーム プロモーションパックVol.3,,
ST04-010,フーズ・フー,C,CHARACTER,紫,コスト,3,3000,-,斬,百獣海賊団,1,【登場時】ドン!!-1(自分の場のドン!!を指定の数ドン!!デッキに戻すことができる)：相手のコスト3以下のキャラ1枚までを、KOする。,【トリガー】このカードを登場させる。,スタンダードバトルパック2022 Vol.2,,
ST04-011,ブラックマリア,C,CHARACTER,紫,コスト,2,2000,1000,特,百獣海賊団,1,【ブロッカー】(相手のアタックの後、このカードをレストにし、アタックの対象をこのカードにできる),,スタンダードバトルパック2022 Vol.1,,
ST04-011,ブラックマリア,C,CHARACTER,紫,コスト,2,2000,1000,特,百獣海賊団,1,【ブロッカー】(相手のアタックの後、このカードをレストにし、アタックの対象をこのカードにできる),,ジャンプGIGA 2023 SPRING 応募者全員サービス,,
ST06-006,たしぎ,C,CHARACTER,黒,コスト,3,4000,2000,斬,海軍,1,【起動メイン】このキャラをレストにできる：相手のキャラ1枚までを、このターン中、コスト-2。,,スタンダードバトルパック Vol.3,,
ST07-007,シャーロット・ブリュレ,C,CHARACTER,黄,コスト,3,1000,1000,特,ビッグ・マム海賊団,1,【ブロッカー】(相手のアタックの後、このカードをレストにし、アタックの対象をこのカードにできる),【トリガー】このカードを登場させる。,ONE PIECEカードゲーム プロモーションパックVol.5,,
ST07-008,シャーロット・プリン,C,CHARACTER,黄,コスト,2,3000,2000,知,ビッグ・マム海賊団,1,【登場時】自分か相手のライフの上から1枚までを見て、ライフの上か下に置く。,,ONE PIECEカードゲーム プロモーションパックVol.3,,
ST07-008,シャーロット・プリン,C,CHARACTER,黄,コスト,2,3000,2000,知,ビッグ・マム海賊団,1,【登場時】自分か相手のライフの上から1枚までを見て、ライフの上か下に置く。,,ジャンプGIGA 2023 SPRING 応募者全員サービス,,
ST07-010,シャーロット・リンリン,SR,CHARACTER,黄,コスト,7,8000,-,特,四皇/ビッグ・マム海賊団,1,【登場時】相手は以下から1つを選ぶ。・相手のライフの上から1枚をトラッシュに置く。・自分のデッキの上から1枚をライフの上に加える。,,フラッグシップバトル2023 10月ベスト8記念品,,
ST09-012,ヤマト,C,CHARACTER,黄,コスト,3,3000,2000,打,ワノ国,1,【アタック時】自分のライフの上か下から1枚を手札に加えることができる：このキャラは、次の自分のターン開始時まで、パワー+2000。,,プロモーションカードセット,,
ST10-004,サンジ,C,CHARACTER,赤,コスト,6,6000,1000,打,麦わらの一味,2,【登場時】相手のパワー5000以上のキャラがいる場合、このキャラは、このターン中、【速攻】を得る。(このカードは登場したターンにアタックできる),,8パックバトル 2024年優勝記念品,,
ST10-006,モンキー・D・ルフィ,SR,CHARACTER,赤,コスト,10,11000,-,打,麦わらの一味,2,【速攻】(このカードは登場したターンにアタックできる)【ターン1回】相手が【ブロッカー】を発動した時、相手のパワー8000以下のキャラ1枚までを、KOする。,,チャンピオンシップ2023 2次予選決勝大会 ベスト16記念品,,
ST10-006,モンキー・D・ルフィ,SR,CHARACTER,赤,コスト,10,11000,-,打,麦わらの一味,2,【速攻】(このカードは登場したターンにアタックできる)【ターン1回】相手が【ブロッカー】を発動した時、相手のパワー8000以下のキャラ1枚までを、KOする。,,ONE PIECE DAY’24 来場者特典,,
ST10-008,シャチ＆ペンギン,C,CHARACTER,紫,コスト,4,5000,2000,射,ハートの海賊団,2,【登場時】自分の場のドン‼が3枚以下の場合、ドン‼デッキからドン‼2枚までを、レストで追加する。,,スタンダードバトルパックVol.12,,
ST10-010,トラファルガー・ロー,SR,CHARACTER,紫,コスト,4,5000,1000,斬,ハートの海賊団,2,【ブロッカー】(相手のアタックの後、このカードをレストにし、アタックの対象をこのカードにできる)【登場時】ドン!!-1(自分の場のドン!!を指定の数ドン!!デッキに戻すことができる)：相手の手札が7枚以上ある場合、相手の手札2枚を捨てる。,,チャンピオンシップ2023 2次予選エリア大会 ベスト8記念品,,
ST10-013,ユースタス・キッド,SR,CHARACTER,紫,コスト,7,8000,-,特,キッド海賊団,2,【登場時】/【アタック時】ドン!!-1(自分の場のドン!!を指定の数ドン!!デッキに戻すことができる)：自分のリーダー1枚までを、次の自分のターン開始時まで、パワー+1000。,,プロモーションパックEX Vol.1,,
ST10-013,ユースタス・キッド,SR,CHARACTER,紫,コスト,7,8000,-,特,キッド海賊団,2,【登場時】/【アタック時】ドン!!-1(自分の場のドン!!を指定の数ドン!!デッキに戻すことができる)：自分のリーダー1枚までを、次の自分のターン開始時まで、パワー+1000。,,チャンピオンシップ2023 2次予選エリア大会 ベスト16記念品,,
ST11-003,逆光,C,EVENT,緑,コスト,2,-,-,-,音楽/FILM,2,【メイン】自分のリーダーが「ウタ」の場合、以下から1つを選ぶ。・相手のコスト5以下のキャラ1枚までを、レストにする。・相手のレストのコスト5以下のキャラ1枚までを、KOする。,,『ONE PIECE FILM RED』入場者プレゼント アンコールパック,,
ST11-004,新時代,SR,EVENT,緑,コスト,1,-,-,-,音楽/FILM,2,【メイン】自分のリーダーが「ウタ」の場合、自分のデッキの上から3枚を見て、「新時代」以外の特徴《FILM》を持つカード1枚までを公開し、手札に加える。その後、残りを好きな順番でデッキの下に置き、自分のドン!!1枚までを、アクティブにする。,,『ONE PIECE FILM RED』入場者プレゼント アンコールパック,,
ST11-005,私は最強,C,EVENT,緑,コスト,3,-,-,-,音楽/FILM,2,【メイン】自分のリーダーの「ウタ」1枚までを、アクティブにする。,【トリガー】自分のリーダーかキャラ1枚までを、このターン中、パワー+1000。,『ONE PIECE FILM RED』入場者プレゼント アンコールパック,,
ST12-003,ジュラキュール・ミホーク,SR,CHARACTER,緑,コスト,3,4000,2000,斬,王下七武海/シッケアール王国,2,【登場時】自分のキャラが2枚以下の場合、自分の手札から「ジュラキュール・ミホーク」以外で、コスト4以下の、特徴《シッケアール王国》か属性(斬)を持つキャラカード1枚までを、レストで登場させる。,,Vジャンプ10月特大号 応募者全員サービス,,
ST17-003,バギー,C,CHARACTER,青,コスト,1,2000,2000,斬,王下七武海/バギーズデリバリー,3,【登場時】自分のデッキの上から3枚を見て、好きな順番に並び替え、デッキの上に置く。,,最強ジャンプ5月号応募者全員サービス（2025年4月4日売）,,
ST18-002,おナミ,C,CHARACTER,紫,コスト,4,2000,1000,特,麦わらの一味,3,【ブロッカー】(相手のアタックの後、このカードをレストにし、アタックの対象をこのカードにできる)【登場時】自分の場のドン!!が8枚以上ある場合、自分の手札1枚を捨て、カード2枚を引く。,,8パックバトル 2025年優勝記念品,,
ST19-002,センゴク,C,CHARACTER,黒,コスト,1,1000,1000,知,海軍,3,【登場時】自分の手札から黒の特徴《海軍》を持つカード2枚を捨てることができる：自分のリーダーが特徴《海軍》を持つ場合、カード3枚を引く。,,スタンダードバトルパックVol.11,,
ST21-014,モンキー・D・ルフィ,SR,CHARACTER,赤,コスト,5,6000,-,打,四皇/麦わらの一味,3,【速攻】(このカードは登場したターンにアタックできる)【アタック時】自分のリーダーかキャラ1枚にレストのドン!!1枚までを、付与する。,,ONE PIECE magazine 特集 週刊少年ジャンプとONE PIECE 020​ 付録,,
